variant,scale,index,risk_weight,weighted_objective_normalized,cost,risk,seconds
GA,Test-1,0,0.0,0.8227236689253439,1436.519735,10.028631416198285,0.8513398333452642
GA,Test-1,0,0.25,0.7621858349042369,1466.143401666667,8.695385645147278,0.8428575666621327
GA,Test-1,0,0.5,0.6792007929287297,1495.7670683333336,8.236900434795524,0.8506703000360479
GA,Test-1,0,0.75,0.5904732867775049,1495.7670683333336,8.236900434795524,0.8856339333190894
GA,Test-1,0,1.0,0.4858961871217975,1949.087735,7.976705872789542,0.8827969666648036
GA,Test-1,1,0.0,0.824424882591155,1233.99524,10.184575919570355,0.8165806666171799
GA,Test-1,1,0.25,0.7939127827311303,1238.01324,8.343936439335998,0.9094678999778504
GA,Test-1,1,0.5,0.777869494560297,1271.19224,8.489824064012183,0.8838222999668991
GA,Test-1,1,0.75,0.7280941410412233,1529.6652400000003,7.572607779486122,0.9002624333758528
GA,Test-1,1,1.0,0.6374505925333178,1518.7932400000002,7.660476611202772,0.7887307999577994
GA,Test-1,2,0.0,0.8344274084600455,1353.946514,12.95735994198243,0.8824666666720683
GA,Test-1,2,0.25,0.7912795481123974,1379.908514,10.168738416833497,0.9014404666765282
GA,Test-1,2,0.5,0.7321314956194636,1379.908514,10.168738416833497,0.9356329999864101
GA,Test-1,2,0.75,0.680377608194436,1480.624514,9.989308249691538,0.8513727666577324
GA,Test-1,2,1.0,0.5680439625417364,1835.1321806666667,9.41016199536205,0.784152299980633
GA,Test-1,3,0.0,0.8202779700027033,1399.011818,11.791111294903152,0.8294245332945138
GA,Test-1,3,0.25,0.8083691316979954,1413.1308179999999,9.131432823688815,0.784780599991791
GA,Test-1,3,0.5,0.7814273207305765,1514.9678179999999,8.237360027468783,0.8672977000242099
GA,Test-1,3,0.75,0.7258112779575084,1507.8248179999998,8.218642508041892,0.7966774000475804
GA,Test-1,3,1.0,0.6465234838975826,1705.533818,7.894658923891687,0.8145052666853493
GA,Test-1,4,0.0,0.831861475961157,1042.265184,5.466143815229206,0.88741703335351
GA,Test-1,4,0.25,0.850784431398759,1053.363184,4.645415615633259,0.9033817333402112
GA,Test-1,4,0.5,0.8742159741020545,1051.697184,4.79338733724162,0.7924669999629259
GA,Test-1,4,0.75,0.8426489835654748,1054.583184,4.444974363594071,0.7727656333396832
GA,Test-1,4,1.0,0.8442060692423982,1519.7081839999998,4.451504271325638,0.8953828333566586
GA,Test-1,5,0.0,0.8704502248420182,1646.353129,14.79046873321576,0.8429015333531424
GA,Test-1,5,0.25,0.8705115249202168,1653.625129,11.062955639460597,0.8705028667269895
GA,Test-1,5,0.5,0.8445773140376739,1874.7241289999995,8.98727509206386,0.8428839666303247
GA,Test-1,5,0.75,0.7712693670047424,1874.7241289999995,8.98727509206386,0.8100275332884243
GA,Test-1,5,1.0,0.7255352732359966,1913.2271289999996,9.342328820740512,0.7887448000255972
GA,Test-1,6,0.0,0.7015957051856897,1299.084315,12.584987240344068,0.876454500015825
GA,Test-1,6,0.25,0.6967860530411801,1320.2502243333333,9.59553309832503,0.9119380000435436
GA,Test-1,6,0.5,0.6646728166632043,1313.971179,9.175711774754616,0.8173407999953876
GA,Test-1,6,0.75,0.629062863049861,1405.6610520000002,8.672128965096853,0.8430752666899934
GA,Test-1,6,1.0,0.5887453792202579,1537.2774773333333,8.717235499093167,0.8907202666935822
GA,Test-1,7,0.0,0.842318348730733,1308.800929,14.604114347645448,0.9553269332973287
GA,Test-1,7,0.25,0.8153898479903702,1308.800929,13.917914503481493,0.8917779667147746
GA,Test-1,7,0.5,0.7407895415094544,1406.132929,10.924717431722863,0.8115188666852191
GA,Test-1,7,0.75,0.6477651684903469,1502.2362623333331,10.2577617201983,0.8392981333502879
GA,Test-1,7,1.0,0.533769851922131,1595.639929,10.112876688482622,0.9046283999923617
GA,Test-1,8,0.0,0.7804986147769508,1231.7257149999998,10.507521785366446,0.8257191333298882
GA,Test-1,8,0.25,0.7978616379953056,1246.987715,9.489491708301289,0.8608761666497836
GA,Test-1,8,0.5,0.8062387016336566,1272.4057149999999,9.31914835596782,0.77032639994286
GA,Test-1,8,0.75,0.7721487169867185,1696.817715,7.75779351040693,0.8024109000107273
GA,Test-1,8,1.0,0.6711282703554128,1696.817715,7.75779351040693,0.7947620666430643
GA,Test-1,9,0.0,0.6937936809809074,1315.912753,12.574118152366166,0.8396175667100275
GA,Test-1,9,0.25,0.6703854758821229,1323.589753,10.684658981717101,0.8596263333844641
GA,Test-1,9,0.5,0.6058731324678507,1323.5897529999997,9.337976871783326,0.8480523333419114
GA,Test-1,9,0.75,0.5530602649084304,1502.835753,8.600129591066995,0.7991069999989122
GA,Test-1,9,1.0,0.49220341384914296,1433.678753,8.943645235288288,0.8289990666865682
GA,Test-2,0,0.0,0.7370899935999008,2314.744564,39.54875260283012,2.093834333276997
GA,Test-2,0,0.25,0.8002923729759704,2455.244564,37.27004425729291,2.0825154333530613
GA,Test-2,0,0.5,0.8090419540581215,2469.851564,36.2213281081813,2.4095825667027384
GA,Test-2,0,0.75,0.8251006534725734,2561.493564,36.075144066356785,2.2818347666955865
GA,Test-2,0,1.0,0.8266853009785579,2772.9902306666663,36.00714137575882,2.278779699971589
GA,Test-2,1,0.0,0.5652220581316868,2464.427262333333,56.384506047281654,2.2779911666875705
GA,Test-2,1,0.25,0.5600443770011592,2509.9760320000005,49.63397696152,2.2244625666256375
GA,Test-2,1,0.5,0.5412563926734412,2745.704244666667,43.79285727160814,2.1581513000419363
GA,Test-2,1,0.75,0.498923005546162,2960.8334253333337,42.447817535713774,2.0088396333546066
GA,Test-2,1,1.0,0.4554603194158347,3275.382428333333,44.05217499986875,2.0281094333234555
GA,Test-2,2,0.0,0.7707040267215045,2333.3684240000002,60.31580612675398,2.1417393000253164
GA,Test-2,2,0.25,0.7792605985946919,2356.2964240000006,47.28393616366238,2.059620299997429
GA,Test-2,2,0.5,0.7766723261292044,2417.303424,45.63403842985323,2.0504298000208414
GA,Test-2,2,0.75,0.8193965739379921,2584.214424,48.84342340801694,2.1608806333194175
GA,Test-2,2,1.0,0.7465021549181898,2664.731424,45.125358793516256,2.487935766694136
GA,Test-2,3,0.0,0.8390445508944223,2210.988691,50.2144853073706,2.3458836333593354
GA,Test-2,3,0.25,0.8196271800034705,2245.432691,42.56618313287154,2.2237356000114232
GA,Test-2,3,0.5,0.7878522131868451,2353.885691,40.22440926497756,2.173588833383595
GA,Test-2,3,0.75,0.7403625405844415,2457.3936909999998,39.86292151953422,2.094155100019028
GA,Test-2,3,1.0,0.6783934670476327,2408.458691,39.98635992154547,2.063654633355327
GA,Test-2,4,0.0,0.6087261045330717,2272.8142249999996,44.35729299641307,2.042295033344999
GA,Test-2,4,0.25,0.7126442769363516,2477.6162249999998,40.899622256918676,2.2010500999943665
GA,Test-2,4,0.5,0.7577713182915843,2618.922121666666,38.72468786147069,2.16539113332207
GA,Test-2,4,0.75,0.771221599431267,2696.1745416666668,37.46284461510776,2.120157733326778
GA,Test-2,4,1.0,0.7703917826358048,2876.32112,36.644755457344715,2.2827767666506893
GA,Test-2,5,0.0,0.8246503183275427,2199.701695,54.1826934612213,2.2055209333387515
GA,Test-2,5,0.25,0.8238041670075741,2285.2976949999997,45.157536289811254,2.1482268999873972
GA,Test-2,5,0.5,0.7864248059257885,2439.030695,41.01416927905279,2.447094700027568
GA,Test-2,5,0.75,0.7108518788602748,2414.6466950000004,40.24068975586973,2.121938466715316
GA,Test-2,5,1.0,0.6231853226859889,2582.704695,38.815989539316156,2.101209899992682
GA,Test-2,6,0.0,0.7995029658508385,2456.8294936666666,59.693059697805005,2.0426828333487115
GA,Test-2,6,0.25,0.7968802046088066,2460.1524936666665,47.96115187095061,2.1670965666417032
GA,Test-2,6,0.5,0.7906036408667366,2601.954704333333,44.830534746635976,2.030283333384432
GA,Test-2,6,0.75,0.7626275529849909,2656.9537829999995,44.47346517194336,2.0729313666621842
GA,Test-2,6,1.0,0.7387076484742706,2729.3873056666666,45.08872671026672,2.0579766667215154
GA,Test-2,7,0.0,0.5909335844978352,2663.474418,52.501447412952395,2.135372033303914
GA,Test-2,7,0.25,0.6122647463775207,2755.823418,42.46403154945059,2.0201046333725876
GA,Test-2,7,0.5,0.596691530551889,2627.506084666667,42.16278717324665,2.220332133389699
GA,Test-2,7,0.75,0.5926721969018126,2892.450418,39.80665831318911,2.3369522000042102
GA,Test-2,7,1.0,0.5767599552935554,3231.360418,39.83720091948652,2.183304166731735
GA,Test-2,8,0.0,0.7022341453455728,2161.384015,46.22110068733389,2.336287899990566
GA,Test-2,8,0.25,0.6862217990643685,2267.811015,39.081237643337595,2.520523833304954
GA,Test-2,8,0.5,0.6353669978882638,2184.379015,41.024766911090296,2.1757019332920513
GA,Test-2,8,0.75,0.5696388237474022,2327.183681666667,37.10936922836734,2.046418366682095
GA,Test-2,8,1.0,0.514954188204483,2809.358681666667,37.65560106150281,2.193603100022301
GA,Test-2,9,0.0,0.6660979017785422,1914.5516320000004,40.88221845655986,2.188599733325342
GA,Test-2,9,0.25,0.6665625102168518,1901.5056320000003,36.72009141899566,2.0317379999905825
GA,Test-2,9,0.5,0.6798302200328535,2012.441632,35.531185208925564,2.0623232666403055
GA,Test-2,9,0.75,0.663048103433736,2307.634632,33.211302064526734,2.1751566000360376
GA,Test-2,9,1.0,0.6175363781510741,2272.771632,33.27008762560542,2.3139546000553914
GA,Test-3,0,0.0,0.7836203285972486,5249.557980999999,176.36938022093008,2.7812554000411183
GA,Test-3,0,0.25,0.8291808811427638,5694.428981,161.1597155681669,2.6685307666969798
GA,Test-3,0,0.5,0.7962717395402789,5837.964981,151.5842796719401,3.0391262666865564
GA,Test-3,0,0.75,0.7860776116141456,6129.835981,156.21037412074455,2.646484833288317
GA,Test-3,0,1.0,0.6695206324065713,6428.265314333334,140.7436922247475,2.8080481000167006
GA,Test-3,1,0.0,0.6718234802769127,4464.78296,203.27430695059275,2.8157013999686265
GA,Test-3,1,0.25,0.6965820977908669,4803.8499600000005,183.9993305525807,2.859232733336588
GA,Test-3,1,0.5,0.6783932060454406,5160.657626666666,172.8174186160934,2.8537418333580717
GA,Test-3,1,0.75,0.5857549248540345,5302.7379599999995,153.39360628098012,2.7012681999476627
GA,Test-3,1,1.0,0.5304077544362076,5454.709626666667,157.97181891693796,2.8680582667002454
GA,Test-3,2,0.0,0.7780416653596319,5391.356842333334,168.56738756354636,2.884695200055527
GA,Test-3,2,0.25,0.7715454492713242,5649.932031666667,154.51970080437061,2.7743798666633666
GA,Test-3,2,0.5,0.7126019650666402,5982.466320333333,135.62998935524277,2.5857727666928745
GA,Test-3,2,0.75,0.6562595104569419,6161.2318589999995,139.67905787292645,2.7404672666840875
GA,Test-3,2,1.0,0.5460858728963124,6662.992789666666,131.82275907448198,2.695555333319741
GA,Test-3,3,0.0,0.6882151969209521,4910.409105333333,119.37646794223788,2.773049533367157
GA,Test-3,3,0.25,0.7094369257829373,5165.511222666666,120.73941745652174,3.005985066682721
GA,Test-3,3,0.5,0.6780479068161167,5197.533491666668,113.81206953460786,2.58725806667159
GA,Test-3,3,0.75,0.6361346384859642,5637.903613666666,106.04163007903874,2.5393373666641614
GA,Test-3,3,1.0,0.5730441695794416,5673.399977,103.91220881785807,2.6095609666081145
GA,Test-3,4,0.0,0.7290832751364237,4571.2587060000005,179.9956493855725,2.696798299982523
GA,Test-3,4,0.25,0.7171359274828047,4623.762278666666,164.43569349043946,2.8709568666139
GA,Test-3,4,0.5,0.6578001335473065,4677.217082,142.74523025192116,2.68742780003231
GA,Test-3,4,0.75,0.6151377089280604,5511.624099666667,132.1059740179621,2.6286451333047203
GA,Test-3,4,1.0,0.5509594733204485,5602.642268333334,138.06958685169556,2.6195729000416272
GA,Test-3,5,0.0,0.723183067995577,4698.854076666667,176.00429219982846,2.768289599994508
GA,Test-3,5,0.25,0.755548285545229,5045.949076666667,166.0692456455636,2.656109600017468
GA,Test-3,5,0.5,0.6873452865575533,5073.843076666666,142.42245450624907,2.7519875333334007
GA,Test-3,5,0.75,0.65043665563765,5366.8254099999995,141.97277568287993,2.9412221666813516
GA,Test-3,5,1.0,0.5961380167326169,5829.512076666666,142.9845865093039,2.8932108333489546
GA,Test-3,6,0.0,0.6652552477844896,4967.11837,200.8026340832824,2.6956774666517354
GA,Test-3,6,0.25,0.6635126101357481,4987.695542,151.3813616753815,2.5529223666526377
GA,Test-3,6,0.5,0.7054180120684516,5536.625828666667,155.87347956850422,2.7006230999638015
GA,Test-3,6,0.75,0.6634115472044716,5904.640451333333,144.61022959045295,2.8602132000184306
GA,Test-3,6,1.0,0.6411699178270317,6643.025692666666,149.3210066716275,2.7042296333238482
GA,Test-3,7,0.0,0.8103574912711871,5223.198565,203.3841748734137,2.8575963333714753
GA,Test-3,7,0.25,0.772539330136012,5115.880231666666,171.02456886614308,2.648676266660914
GA,Test-3,7,0.5,0.7917757695516455,5952.331898333334,159.2143770515687,2.6482548333782083
GA,Test-3,7,0.75,0.7362228409720327,6140.773898333334,160.17596989923305,2.7366897333413363
GA,Test-3,7,1.0,0.6170839825222412,6354.328231666666,148.8453297247757,2.8121589333750308
GA,Test-3,8,0.0,0.7310704865488119,4798.857243,168.8675606538657,2.7651595333591104
GA,Test-3,8,0.25,0.7547935356429721,5130.999909666666,150.59919684437008,3.0683903333265334
GA,Test-3,8,0.5,0.7245242810390025,5181.257909666667,147.3730321685506,2.8198034000427774
GA,Test-3,8,0.75,0.6549848256726568,5593.863243,131.63091391453506,2.689761699953427
GA,Test-3,8,1.0,0.5968026501020615,6453.299909666665,133.31766313049422,2.8018231333311028
GA,Test-3,9,0.0,0.7578455071611104,4489.943327,175.62473288998936,2.569072366692126
GA,Test-3,9,0.25,0.7792276439868187,4706.1410670000005,148.78588699303873,2.6276700333692133
GA,Test-3,9,0.5,0.7569125670196067,4945.518517,137.67297592047967,2.566119333379902
GA,Test-3,9,0.75,0.718044927158537,5411.089596333334,132.37511371480176,2.7341604666629187
GA,Test-3,9,1.0,0.7047861134686015,5527.1092843333345,142.88358613679813,2.9833490332821384
GA,Test-4,0,0.0,0.7756131945773479,14181.47042,1028.1458623985593,14.107902300000811
GA,Test-4,0,0.25,0.7853698838049779,14497.787306,937.4038762268601,13.109604833337167
GA,Test-4,0,0.5,0.7789716204284142,15637.44601866667,863.6148427195443,13.795549833332188
GA,Test-4,0,0.75,0.7520400559494024,16945.923518,852.6579790968499,13.758085299981758
GA,Test-4,0,1.0,0.704505440835001,17077.627121,865.8339586395891,13.296518300039073
GA,Test-4,1,0.0,0.7572222844181667,15567.147443666669,1239.2713218792585,13.985001166700386
GA,Test-4,1,0.25,0.7366449153894875,16006.383776999997,1090.5840671340327,13.769396266667172
GA,Test-4,1,0.5,0.6705251527114798,15904.937443666668,1013.0610337224394,14.064509033341892
GA,Test-4,1,0.75,0.6639014167875446,17321.231110333338,1079.0450066247474,13.773780700013353
GA,Test-4,1,1.0,0.6002279701935475,17570.063777,1071.6789646388406,14.2214894000208
GA,Test-4,2,0.0,0.7443430916122759,13924.614074333336,1107.4523445151283,14.180063133322014
GA,Test-4,2,0.25,0.7419106899626499,14245.398840999997,995.6150380810603,13.494877666661827
GA,Test-4,2,0.5,0.7339635005101875,15107.810429666666,962.336963648917,13.321890066727065
GA,Test-4,2,0.75,0.7117900310752819,15808.091965666665,972.6003702134032,13.654156266672848
GA,Test-4,2,1.0,0.6731873561904514,16957.262695333327,981.0659545576333,13.82866816672807
GA,Test-4,3,0.0,0.7792605744118632,14034.61337,1289.1579051925867,13.72500446663859
GA,Test-4,3,0.25,0.7793165432351853,14471.915370000002,1177.251341845293,13.19765816667738
GA,Test-4,3,0.5,0.7412557245780397,14635.150703333333,1116.0508920577397,14.073076300012568
GA,Test-4,3,0.75,0.7034684639245458,14807.26537,1106.0510302724754,13.87788766665229
GA,Test-4,3,1.0,0.6649657969520495,15945.119703333336,1107.8197390487169,14.414186166715808
GA,Test-4,4,0.0,0.7902482934235753,16690.721952999997,1274.5516892211401,14.10040993328827
GA,Test-4,4,0.25,0.7695654420168072,16850.384953000004,1144.417318461938,13.64458933340696
GA,Test-4,4,0.5,0.7242650915834515,17351.676953,1047.7447741397834,13.225479900022037
GA,Test-4,4,0.75,0.7149691978905989,18405.320953,1107.6162684814399,13.518956233320447
GA,Test-4,4,1.0,0.6125728946120682,18394.072286333332,1023.6561262196556,13.931116900018727
GA,Test-4,5,0.0,0.7740073727820347,14537.651273999998,1054.7064675666618,13.475278799965357
GA,Test-4,5,0.25,0.7698702429414568,14914.828940666666,892.1951839582975,13.268454166711308
GA,Test-4,5,0.5,0.7291768041850083,15094.288273999999,837.8043152522991,13.764054400031455
GA,Test-4,5,0.75,0.7093645074825403,16036.820607333337,846.1231548476857,13.725157199970758
GA,Test-4,5,1.0,0.7039102505922473,17094.228940666668,900.7637554085868,13.366594766654694
GA,Test-4,6,0.0,0.8682213055723045,15385.892177333335,1008.7319605046483,13.558194733341224
GA,Test-4,6,0.25,0.8423268368945406,15673.913748,931.491480397758,13.572349133358026
GA,Test-4,6,0.5,0.7914944205675378,16044.236791333331,881.6991697317612,13.473290133289993
GA,Test-4,6,0.75,0.7244108947302307,16405.23381466667,855.2632248440209,13.189530266642882
GA,Test-4,6,1.0,0.6908994531579445,17318.43809866667,898.9815245388785,13.752304933421934
GA,Test-4,7,0.0,0.8089859606752056,13840.156444000002,1043.6972484629475,13.631521233357489
GA,Test-4,7,0.25,0.782132440182994,14021.396443999998,975.1612993537606,13.927580333314836
GA,Test-4,7,0.5,0.754022741924821,14368.082443999994,972.8476042085352,13.524615700007416
GA,Test-4,7,0.75,0.6722778823550134,14733.63011066667,887.0923102454663,13.490536199999042
GA,Test-4,7,1.0,0.6541356176158887,16247.329777333332,952.3693114096828,13.07933320000302
GA,Test-4,8,0.0,0.7499010042127776,14967.155463000001,1127.3711612950576,13.437943866670443
GA,Test-4,8,0.25,0.7285311835575987,14804.970451999996,995.8889093744245,13.445969433329688
GA,Test-4,8,0.5,0.723366000140777,15629.391252000001,959.5280784069533,13.1002344666825
GA,Test-4,8,0.75,0.6945560773070563,16237.529246333334,946.8629980255905,13.98864590000206
GA,Test-4,8,1.0,0.6578860903486987,16916.215859666667,951.1930932086967,13.278497600035431
GA,Test-4,9,0.0,0.8388532801279274,14093.020655999999,1073.5981747401777,13.956233633332886
GA,Test-4,9,0.25,0.8182642840606557,14193.990199333335,1043.4012715430051,12.563892466675801
GA,Test-4,9,0.5,0.7976489014418257,14787.637493333334,1010.3835942425188,12.729170466656797
GA,Test-4,9,0.75,0.7302005571655484,15209.560166666668,949.2472576226909,12.417205800030692
GA,Test-4,9,1.0,0.6945536696216125,15354.826442333333,981.3543511603369,12.337789433309808
New-L,Test-1,0,0.0,0.8227236689253439,1436.519735,11.606169543349507,1.496739299967885
New-L,Test-1,0,0.25,0.756443370728519,1436.519735,9.153870855499033,1.6436300333201264
New-L,Test-1,0,0.5,0.6737196531272477,1525.3907350000002,7.77841522444377,1.637146466722091
New-L,Test-1,0,0.75,0.5390646962349557,2046.167735,5.386671617375595,1.8173642999803026
New-L,Test-1,0,1.0,0.15206345003956637,3375.946735,2.4963468475689017,1.799870533364204
New-L,Test-1,1,0.0,0.7585252155131119,1135.3569320000001,7.447906925556076,1.4667594333489735
New-L,Test-1,1,0.25,0.7197584368160737,1143.0120543333335,7.06759368328963,1.5334200999932364
New-L,Test-1,1,0.5,0.6455034520689735,1135.3569320000001,6.399026951082651,1.5980460333327453
New-L,Test-1,1,0.75,0.48587647848970156,1731.777935,3.150614174068652,1.7244661999478315
New-L,Test-1,1,1.0,0.2518302001600539,2131.0316723333335,3.0263355010055535,1.5676771000338097
New-L,Test-1,2,0.0,0.8192238233698003,1329.277093,12.00053761262425,1.6257173999911174
New-L,Test-1,2,0.25,0.7721939719027301,1351.8850929999999,9.762369955908886,1.678816800005734
New-L,Test-1,2,0.5,0.6978238140234008,1374.7251880000001,9.084981758048636,1.443633966691171
New-L,Test-1,2,0.75,0.6208250498762314,1497.639265,8.616015199295163,1.4369290999602526
New-L,Test-1,2,1.0,0.19978999160388486,2817.756747333333,3.309701906930215,1.5320803333306685
New-L,Test-1,3,0.0,0.7233870920523722,1233.761149,11.93278023601595,1.4629631999414414
New-L,Test-1,3,0.25,0.7254424711176934,1233.761149,8.933628201097722,1.4294045333517715
New-L,Test-1,3,0.5,0.7262042597790739,1342.574149,8.122978787917305,1.4503345666841294
New-L,Test-1,3,0.75,0.6731321827961559,1582.8758156666665,7.181849177373986,1.50881106670325
New-L,Test-1,3,1.0,0.326321987816048,3566.564835333333,3.9846979380290235,1.5486536333337426
New-L,Test-1,4,0.0,0.8318614759611571,1042.265184,5.527056398011669,1.375430866687869
New-L,Test-1,4,0.25,0.8507283433315428,1071.2498506666668,4.418402531980354,1.5572093999944627
New-L,Test-1,4,0.5,0.8464617241730573,1071.2498506666668,4.418402531980354,1.5194946333843593
New-L,Test-1,4,0.75,0.5560124116875026,2092.6405173333333,0.9734915212996852,1.5816892666431766
New-L,Test-1,4,1.0,0.18167075112299225,2499.045184,0.9579510904543515,1.5676563333254308
New-L,Test-1,5,0.0,0.789821163537685,1493.852844,16.118620162185355,1.5134299000104268
New-L,Test-1,5,0.25,0.8018257225248538,1512.371844,10.410178527801367,1.4733160333319877
New-L,Test-1,5,0.5,0.8126063862093083,1564.7273389999998,10.274378609914399,1.583968733320944
New-L,Test-1,5,0.75,0.6491631779491643,2677.7785206666667,5.068490709728088,1.5195432000327855
New-L,Test-1,5,1.0,0.30318638170616746,3715.839000666667,3.903968526900606,1.7398046999781702
New-L,Test-1,6,0.0,0.6951915375872503,1287.2262696666664,10.12887122437155,1.678731366681556
New-L,Test-1,6,0.25,0.6682077563751038,1302.393179,8.331341842572304,1.4002688000133883
New-L,Test-1,6,0.5,0.6330327913218934,1302.393179,8.331341842572304,1.6102084333542734
New-L,Test-1,6,0.75,0.48532432751196897,1789.8121790000002,4.81049329957809,1.6108996999682859
New-L,Test-1,6,1.0,0.28338965919956705,2530.986052,4.195997938059703,1.7340384333316858
New-L,Test-1,7,0.0,0.842318348730733,1308.800929,14.679972472274825,1.6458818000198032
New-L,Test-1,7,0.25,0.8153898479903702,1308.800929,13.917914503481496,1.4198734000092372
New-L,Test-1,7,0.5,0.7366034435154458,1486.1449289999998,9.79048167122868,1.6703628666388493
New-L,Test-1,7,0.75,0.5587455729682544,1919.1429289999999,6.314494332100051,1.5834500999577965
New-L,Test-1,7,1.0,0.21730297479207925,2954.116929,4.117051909543471,1.5672015333548188
New-L,Test-1,8,0.0,0.7054487452865913,1113.287511,9.058812199650205,1.6867933666799217
New-L,Test-1,8,0.25,0.7136464985058947,1136.180511,8.030503187276096,1.46044356666971
New-L,Test-1,8,0.5,0.7073378120442756,1136.180511,8.030503187276096,1.4332828666859616
New-L,Test-1,8,0.75,0.6189781683756227,1876.8956443333334,4.957388259741914,1.6046694333199412
New-L,Test-1,8,1.0,0.30935497526430733,2618.9239030000003,3.5759364126422604,1.5435757666515808
New-L,Test-1,9,0.0,0.6414627938755001,1216.657191,10.101171037972875,1.4286092333107565
New-L,Test-1,9,0.25,0.6024253028310037,1224.181191,8.602195409869767,1.5935138333200787
New-L,Test-1,9,0.5,0.5380838959403138,1292.5714839999998,7.171591115125175,1.5066067333100364
New-L,Test-1,9,0.75,0.45699395874344084,1653.9126853333335,5.790235215232504,1.5313078333468486
New-L,Test-1,9,1.0,0.16267516118218897,2750.3472923333334,2.9559098723617523,1.4654784000401075
New-L,Test-2,0,0.0,0.7228938161943,2270.163136,38.21868689167989,2.342653033362391
New-L,Test-2,0,0.25,0.7460405361170009,2270.98385,35.48496402606229,2.3870855000180504
New-L,Test-2,0,0.5,0.7530414669575963,2354.209230666667,32.946928794866004,2.9011831666575745
New-L,Test-2,0,0.75,0.6219190428547751,4315.188653666667,16.16770857036217,2.938062333346655
New-L,Test-2,0,1.0,0.17134170129539275,8404.764564,7.462966687327452,2.7833968999718004
New-L,Test-2,1,0.0,0.5271511930627965,2298.434310666667,51.431621714658014,2.5196444666944444
New-L,Test-2,1,0.25,0.4887761484078745,2225.950894,40.96326428260728,2.587275566649623
New-L,Test-2,1,0.5,0.46900510592912664,2452.610894,36.31823580540017,2.6508968000222617
New-L,Test-2,1,0.75,0.40732690246660574,2773.952894,32.01742565441042,2.673717466648668
New-L,Test-2,1,1.0,0.16012791142209787,7826.246184999999,15.487590193097503,2.921658933356715
New-L,Test-2,2,0.0,0.6904337195348879,2090.343613333333,52.61254392351029,2.4834749333094805
New-L,Test-2,2,0.25,0.7242314036174219,2156.189196,45.96418350044498,2.377564133338941
New-L,Test-2,2,0.5,0.7191181590032577,2326.021006666667,40.49840371033124,2.2955887999851257
New-L,Test-2,2,0.75,0.6466304593388273,3318.939742,30.02881553229878,2.4390176333254203
New-L,Test-2,2,1.0,0.19850914673855669,7685.297386666668,11.999692715359723,3.15709749997283
New-L,Test-2,3,0.0,0.778865990773724,2052.4105609999997,46.62398358774888,2.3278833999841786
New-L,Test-2,3,0.25,0.7429364763584982,2032.593146,38.767182877216236,3.0681000999951116
New-L,Test-2,3,0.5,0.7019790158754992,2041.7054809999997,37.08408068438718,2.622979533354131
New-L,Test-2,3,0.75,0.6267436534911224,2712.3174593333333,29.03286057553699,2.5904864333181954
New-L,Test-2,3,1.0,0.20901798061439628,6832.951109333335,12.320089459727987,2.731985400004002
New-L,Test-2,4,0.0,0.5424006039292225,2025.1732249999998,49.79207529138781,2.668752933309103
New-L,Test-2,4,0.25,0.616061432566619,2035.971225,39.40246803411421,2.4840314666507766
New-L,Test-2,4,0.5,0.6700715501361761,2394.5198916666664,33.24037555726327,2.5488798333875216
New-L,Test-2,4,0.75,0.6000253677201556,4218.453225,20.140819853907193,2.4597706333346046
New-L,Test-2,4,1.0,0.24791087677805682,8052.5408783333305,11.792225280059201,2.8674801333496966
New-L,Test-2,5,0.0,0.6228825649971917,1661.499187666667,45.347653784032524,2.4770518333340683
New-L,Test-2,5,0.25,0.6933179244397244,1893.496143333333,40.09394209945204,2.5510634667007253
New-L,Test-2,5,0.5,0.6212875420819315,1767.6750956666665,36.11915587897243,2.340389366649712
New-L,Test-2,5,0.75,0.5870611015170968,2360.714732666667,30.37982477853394,2.8672940333684287
New-L,Test-2,5,1.0,0.18208548927434584,6554.546438666667,11.341455245562024,2.684745666648572
New-L,Test-2,6,0.0,0.7452193646798616,2290.018915,51.7611615952358,2.5707139666580283
New-L,Test-2,6,0.25,0.7545861574645446,2310.176915,46.57189675090283,2.6185919666507593
New-L,Test-2,6,0.5,0.7483319528689935,2372.8119149999998,44.22165167478668,2.3243413999831923
New-L,Test-2,6,0.75,0.6102882926539709,3734.2962159999993,24.94261534554107,2.533576166645313
New-L,Test-2,6,1.0,0.21517625427324027,6982.058848333334,13.133779436971563,2.7778597333235666
New-L,Test-2,7,0.0,0.47940585234593497,2160.793119666667,46.47805669711081,2.5142331666623554
New-L,Test-2,7,0.25,0.5030409449567522,2184.127742666667,38.57008627988632,2.362576666637324
New-L,Test-2,7,0.5,0.5343785761347474,2403.5787553333334,36.98634617351812,2.357992200025668
New-L,Test-2,7,0.75,0.5063805757701233,3274.01074,29.910634618606935,2.4408809333496415
New-L,Test-2,7,1.0,0.18629191176145674,8106.806418,12.867308575088465,3.1315535333706066
New-L,Test-2,8,0.0,0.6226099697347376,1916.311311666667,46.79834771368144,2.681488333386369
New-L,Test-2,8,0.25,0.5866888732984216,1887.467812,37.07683593233101,2.57516163335337
New-L,Test-2,8,0.5,0.5830351410623701,2046.9051630000001,36.63743120941577,2.6681179999917126
New-L,Test-2,8,0.75,0.4774668282904508,3075.9854546666666,22.19267472799488,2.456084599990087
New-L,Test-2,8,1.0,0.16265959948254174,6137.543015,11.894349297934497,2.633611000026576
New-L,Test-2,9,0.0,0.5982167999674525,1719.4423636666668,37.62168397221367,2.7173284667078406
New-L,Test-2,9,0.25,0.5716996399540116,1678.472993,28.818523567880224,2.3037733666521185
New-L,Test-2,9,0.5,0.5643535284419341,1713.4608906666665,28.692550164116266,2.3485565999678024
New-L,Test-2,9,0.75,0.49412303842409006,2642.5697413333337,18.984061508411312,2.5801401667219275
New-L,Test-2,9,1.0,0.21271208185443355,6626.316190999999,11.459971999561544,2.6107761000360674
New-L,Test-3,0,0.0,0.6723212123344716,4503.953071666666,152.6426802420938,5.024308466662963
New-L,Test-3,0,0.25,0.6261519067219231,4304.610211,121.27630230152215,5.5862335000031935
New-L,Test-3,0,0.5,0.6156748769084818,4834.007195666667,107.15955026071602,5.37754876667168
New-L,Test-3,0,0.75,0.5578012136185558,6482.799714,88.53539785041107,5.369403266619581
New-L,Test-3,0,1.0,0.2724594496122849,12566.659124333333,57.275231059151366,5.9972132666346925
New-L,Test-3,1,0.0,0.5909696563746211,3927.4472076666666,171.47103264138818,5.519313500068772
New-L,Test-3,1,0.25,0.5802573717502192,4110.927699,138.57912553544404,5.284848499965544
New-L,Test-3,1,0.5,0.5361435864749472,4530.132602666666,116.3418098501889,5.298205466669363
New-L,Test-3,1,0.75,0.4483205797217335,5594.609087666667,94.4572666246075,5.417738033342175
New-L,Test-3,1,1.0,0.21422478079533944,10697.683035333333,63.80275928524764,6.2199582999649765
New-L,Test-3,2,0.0,0.6555260555534499,4542.397974666666,145.81002970646628,5.418426800053567
New-L,Test-3,2,0.25,0.6443493791867673,4837.393521999999,116.61932235831374,5.130908066678482
New-L,Test-3,2,0.5,0.5946200793258666,5290.990134333333,102.75795375286152,5.025650400008696
New-L,Test-3,2,0.75,0.5037436480126292,6217.462744333333,89.93720641984471,5.314475933400293
New-L,Test-3,2,1.0,0.2379838628027997,12879.309841333334,57.44827135607795,6.139425700025943
New-L,Test-3,3,0.0,0.5334350485776356,3806.054169333333,116.17961252250439,5.053469733335078
New-L,Test-3,3,0.25,0.5692932808052716,4094.882059333333,100.71753589747341,5.2501433999665705
New-L,Test-3,3,0.5,0.5698582844718468,4580.7374709999995,90.25091298925616,5.629947799956426
New-L,Test-3,3,0.75,0.5078342111322831,5912.977408333333,72.69107195972478,5.519496999952632
New-L,Test-3,3,1.0,0.21456374616438834,12381.179269333334,38.90763396570066,5.652279466662246
New-L,Test-3,4,0.0,0.5951913092587214,3731.7732376666663,135.8573499153026,5.471872566694704
New-L,Test-3,4,0.25,0.5744063238711475,3807.7437293333332,119.20995739598509,4.9339754666822655
New-L,Test-3,4,0.5,0.5588817991579135,4252.605553666666,110.13882724668441,5.2514878666649265
New-L,Test-3,4,0.75,0.46569636943089066,5849.5139733333335,77.67128139602796,5.570775600033812
New-L,Test-3,4,1.0,0.19996917194854347,10335.764073,50.11196338564954,5.727086566660243
New-L,Test-3,5,0.0,0.628257481768304,4082.078743333334,155.37334699857234,5.165793999951954
New-L,Test-3,5,0.25,0.6221122757452068,4249.542743333334,126.24711836366663,5.123697466643837
New-L,Test-3,5,0.5,0.594819294618994,4928.289743333334,103.41051164592614,5.547296066652052
New-L,Test-3,5,0.75,0.48113714538497376,5757.95641,83.01763719973904,5.626774966600351
New-L,Test-3,5,1.0,0.2408584267947849,10544.30941,57.770250505564654,5.5898307999596
New-L,Test-3,6,0.0,0.5080460989119345,3793.3186083333335,162.17525146388797,5.260644199947516
New-L,Test-3,6,0.25,0.5583715059817188,4244.214583333333,123.00691468647581,5.402475966606289
New-L,Test-3,6,0.5,0.5486849058974159,4656.666168,110.3178147533891,5.055097400055577
New-L,Test-3,6,0.75,0.48604394438050136,6140.29149,87.08435420524921,5.6381188000086695
New-L,Test-3,6,1.0,0.2436508931766718,11593.433199666664,56.743455414882135,5.992241433355957
New-L,Test-3,7,0.0,0.6589347083240332,4247.195663666666,157.14190972702033,5.1511790666651605
New-L,Test-3,7,0.25,0.651826318398216,4430.277565,131.5275869434183,5.696267499976481
New-L,Test-3,7,0.5,0.605360651661427,4726.493378666666,115.15865862011147,5.293147499944705
New-L,Test-3,7,0.75,0.5190138190327298,5456.916989999999,98.84986603714587,5.200080633318673
New-L,Test-3,7,1.0,0.27074633709319446,11985.108564999997,65.30606685283605,5.910287266674762
New-L,Test-3,8,0.0,0.6248937739474323,4101.897243,145.05906258220665,5.027146199989754
New-L,Test-3,8,0.25,0.6395746715475514,4296.554243,132.8376148873032,5.273049033324544
New-L,Test-3,8,0.5,0.6133535261452268,4706.260243000001,113.86971934189619,5.255849300029998
New-L,Test-3,8,0.75,0.548500863334158,6013.422243000001,95.15542827587683,5.218190400007491
New-L,Test-3,8,1.0,0.25007842495642246,13421.041242999994,55.86414740089263,5.98246556664041
New-L,Test-3,9,0.0,0.6153623685794636,3645.785499,132.68564823408101,5.260070999967866
New-L,Test-3,9,0.25,0.6516720269429079,3952.9937680000003,122.66222194427932,5.18091220005105
New-L,Test-3,9,0.5,0.6603143354284665,4372.609474333333,118.10988933860051,5.107482833322138
New-L,Test-3,9,0.75,0.5863999656639863,5309.542138666667,97.94830834666679,5.494952566650075
New-L,Test-3,9,1.0,0.2816552743184024,12030.311201999999,57.10089185908718,6.257057033323993
New-L,Test-4,0,0.0,0.6109423433932845,11170.594868333334,731.4726762334149,22.24366713334651
New-L,Test-4,0,0.25,0.5942409254590225,11413.479886666666,619.7640260338106,21.953754866689753
New-L,Test-4,0,0.5,0.5516694950976886,12051.072063333335,545.9708597805801,22.323594900042128
New-L,Test-4,0,0.75,0.4939473327211899,13911.433061666665,497.72062231281666,21.668733233314317
New-L,Test-4,0,1.0,0.3475528935656547,25025.950077666657,427.1409136541679,22.84179109998513
New-L,Test-4,1,0.0,0.6216330773866917,12779.673776999998,857.8086918210062,21.710182533366606
New-L,Test-4,1,0.25,0.5955726985972957,13455.084443666667,747.8030194829404,22.18189903333162
New-L,Test-4,1,0.5,0.5311184660079508,14440.38806966667,642.4468607069107,21.272120133352775
New-L,Test-4,1,0.75,0.4580470145793985,16392.03811033333,615.8868356522223,22.1747292666696
New-L,Test-4,1,1.0,0.30087209663655295,25500.020443666668,537.1930550124246,22.839521766679052
New-L,Test-4,2,0.0,0.6042602479456446,11304.048963333333,859.1964578016768,22.323314266667392
New-L,Test-4,2,0.25,0.5983470594321653,11589.988943666665,779.3187433301099,22.12402506673243
New-L,Test-4,2,0.5,0.570840509354989,12563.297372666668,685.1084630846675,21.766674366624404
New-L,Test-4,2,0.75,0.511643576714505,14879.634444666664,607.8003338317791,21.641419466701336
New-L,Test-4,2,1.0,0.3535825817397811,25160.651482000005,515.291664169867,22.48900879997139
New-L,Test-4,3,0.0,0.6357896700656811,11450.67837,1033.3145751046568,22.43312283337582
New-L,Test-4,3,0.25,0.5975542923048682,11401.158299999997,818.157536612142,22.18279706671213
New-L,Test-4,3,0.5,0.5609298993548691,12404.34840233333,721.5665558107397,22.282934533354517
New-L,Test-4,3,0.75,0.4804712153069957,14058.800036666666,633.7839750137292,22.19926209996144
New-L,Test-4,3,1.0,0.3371115661532997,22759.275176666662,561.6211374450327,23.428234766664293
New-L,Test-4,4,0.0,0.6026022774732435,12727.477104666666,919.7800219464697,21.74336473333339
New-L,Test-4,4,0.25,0.5909999613924538,13256.037907333333,803.9822822719367,23.15133193329287
New-L,Test-4,4,0.5,0.561560260856835,14627.434518999997,719.5016653346814,23.12634430003042
New-L,Test-4,4,0.75,0.46038309267522814,15653.854060333333,612.9375812889189,21.79421413332845
New-L,Test-4,4,1.0,0.3393620414295597,26717.854806666666,567.0999088782297,22.30400573334191
New-L,Test-4,5,0.0,0.6362364346515031,11949.993940666667,859.7125263744878,22.063811999978498
New-L,Test-4,5,0.25,0.6245852332992471,12386.562274000002,665.2948554986314,21.891291433285613
New-L,Test-4,5,0.5,0.5816066342513424,13240.384650000002,586.43410226988,21.61377913337977
New-L,Test-4,5,0.75,0.5039938723047496,14616.487322666662,527.9740509015068,22.4288339666867
New-L,Test-4,5,1.0,0.35715775151120904,25126.682662333333,457.0394553195428,22.735832666628994
New-L,Test-4,6,0.0,0.7175389756037949,12715.625890333331,832.7042942126186,21.785616099950857
New-L,Test-4,6,0.25,0.6940806105475148,13192.771819,706.4471600229472,21.512141833314672
New-L,Test-4,6,0.5,0.6387318713952631,14306.477627,611.7522437412662,21.688701833365485
New-L,Test-4,6,0.75,0.5362774230129523,15714.40391233333,545.7783599838064,22.099257033357087
New-L,Test-4,6,1.0,0.36495712503203454,23324.32759166667,474.8733135523568,22.14739539998118
New-L,Test-4,7,0.0,0.6620002507636408,11325.520444,819.7465557155286,21.67511523332602
New-L,Test-4,7,0.25,0.6465700592527251,11886.797444000002,730.6624107297445,21.938211333355866
New-L,Test-4,7,0.5,0.5920487518792016,12775.924443999998,636.7003186242746,22.21611593333849
New-L,Test-4,7,0.75,0.5045630011997173,14536.660444000001,567.1071240582137,22.130740699979167
New-L,Test-4,7,1.0,0.3316174712138003,22092.504536000004,482.8086014676541,21.919676399983775
New-L,Test-4,8,0.0,0.6193945184626428,12362.397168000001,883.1251025423288,21.625904900060657
New-L,Test-4,8,0.25,0.5937667280705011,12502.188048666669,716.9471095335775,21.534486099961214
New-L,Test-4,8,0.5,0.5833313671361983,13606.817846666667,701.111467336697,21.402861633338034
New-L,Test-4,8,0.75,0.5156430488427143,15501.843912333332,619.7231561347864,21.279296866656903
New-L,Test-4,8,1.0,0.3636021840269343,27041.20632566667,525.7078561103241,21.791734566640418
New-L,Test-4,9,0.0,0.6920687333735804,11626.990304333332,875.3103611383809,21.710099433315918
New-L,Test-4,9,0.25,0.6638219217289311,11813.443846333334,771.1575920876077,22.567420766650077
New-L,Test-4,9,0.5,0.629508523208142,13244.764449333334,665.0004912133321,20.596704966699082
New-L,Test-4,9,0.75,0.5450372280528425,14591.921511666667,617.732020885696,19.920348800020292
New-L,Test-4,9,1.0,0.372809438971903,24871.604773666666,526.7529077890234,20.555113800025236
New-S,Test-1,0,0.0,0.8227236689253439,1436.519735,12.176248466750303,1.534381466684863
New-S,Test-1,0,0.25,0.756443370728519,1436.519735,9.153870855499033,1.4597836666507646
New-S,Test-1,0,0.5,0.6764959295434542,1532.7837350000002,7.8000592627158944,1.6393457332936425
New-S,Test-1,0,0.75,0.5390646962349557,2046.1677350000002,5.386671617375595,1.502659233364587
New-S,Test-1,0,1.0,0.1595863111649811,3223.681735,2.6198457597022338,1.687181766727008
New-S,Test-1,1,0.0,0.7585252155131119,1135.3569320000001,7.447906925556076,1.5244413999995838
New-S,Test-1,1,0.25,0.7020143337910426,1135.356932,6.399026951082651,1.5543343999888748
New-S,Test-1,1,0.5,0.6455034520689735,1135.3569320000001,6.399026951082651,1.4458942999287199
New-S,Test-1,1,0.75,0.483866167621221,1717.957932,3.155388346247584,1.8428722333240632
New-S,Test-1,1,1.0,0.24191754914937302,2137.9256473333335,2.907211553029354,1.6870981666337077
New-S,Test-1,2,0.0,0.8192238233698003,1329.277093,10.820821279286813,1.581871133336487
New-S,Test-1,2,0.25,0.7721939719027301,1351.8850929999999,9.762369955908886,1.663705399997222
New-S,Test-1,2,0.5,0.6978238140234008,1374.7251880000001,9.084981758048636,1.5065066333239276
New-S,Test-1,2,0.75,0.5512964830906667,1847.1458300000002,5.890854199514107,1.5230516000107552
New-S,Test-1,2,1.0,0.2152200397149593,3023.964899666667,3.565314609284695,1.526158033288084
New-S,Test-1,3,0.0,0.7233870920523722,1233.761149,10.142089995928497,1.6337544999551028
New-S,Test-1,3,0.25,0.7254424711176934,1233.761149,8.933628201097722,1.679181900069428
New-S,Test-1,3,0.5,0.7262042597790739,1342.574149,8.122978787917305,1.5030081333437313
New-S,Test-1,3,0.75,0.6692970082129767,1906.9571489999998,6.34597687671193,1.4181239667038124
New-S,Test-1,3,1.0,0.3202520881225763,3707.663419,3.910578762197531,1.573782766664711
New-S,Test-1,4,0.0,0.8318614759611571,1042.265184,5.587968980794133,1.4350543333372723
New-S,Test-1,4,0.25,0.8420115425043931,1054.583184,4.444974363594071,1.6128527666442096
New-S,Test-1,4,0.5,0.842330263034934,1054.583184,4.444974363594071,1.4964942666701972
New-S,Test-1,4,0.75,0.564021012179935,2029.887184,1.1178306263767814,1.6058028666302562
New-S,Test-1,4,1.0,0.18473535246031803,2464.1181839999995,0.9741107538825693,1.5457252000536148
New-S,Test-1,5,0.0,0.789821163537685,1493.852844,13.783051528349164,1.5335111999884248
New-S,Test-1,5,0.25,0.8018257225248538,1512.371844,10.410178527801367,1.3997126000079636
New-S,Test-1,5,0.5,0.8126063862093083,1564.7273389999998,10.274378609914399,1.5259365332700934
New-S,Test-1,5,0.75,0.6570618233311888,2680.202780666667,5.19859811125827,1.8092209666113679
New-S,Test-1,5,1.0,0.3186112401704951,3629.140904,4.102586161498032,1.6217995666665956
New-S,Test-1,6,0.0,0.6935448904260618,1284.177315,10.570997797254483,1.5256494666682556
New-S,Test-1,6,0.25,0.6682077563751038,1302.393179,8.331341842572304,1.4962562000146136
New-S,Test-1,6,0.5,0.6330327913218934,1302.393179,8.331341842572304,1.3761665999966983
New-S,Test-1,6,0.75,0.4853243275119689,1789.8121789999998,4.81049329957809,1.5880844333053876
New-S,Test-1,6,1.0,0.27984369377787877,2612.103754,4.143494739319635,1.477696566687276
New-S,Test-1,7,0.0,0.842318348730733,1308.800929,15.138597942550646,1.605119500037593
New-S,Test-1,7,0.25,0.810508274700689,1377.4445756666664,11.036976931186485,1.4806752666675795
New-S,Test-1,7,0.5,0.7076067909056398,1431.6322756666666,9.356424888432931,1.8148152000115563
New-S,Test-1,7,0.75,0.5408492031042228,1850.960609,6.139528721321116,1.6906961666730542
New-S,Test-1,7,1.0,0.20558390573709806,3058.2529289999998,3.8950208228680716,1.6160968333715573
New-S,Test-1,8,0.0,0.7054487452865913,1113.287511,8.895157571579697,1.6868516666969906
New-S,Test-1,8,0.25,0.7136464985058947,1136.180511,8.030503187276096,1.6149602333704631
New-S,Test-1,8,0.5,0.7073378120442756,1136.180511,8.030503187276096,1.5649500333626445
New-S,Test-1,8,0.75,0.6199183081806384,1834.1150443333336,5.0763300287224835,1.4730793999818463
New-S,Test-1,8,1.0,0.3048389425029016,2670.8112196666666,3.52373409723292,1.5284808333575104
New-S,Test-1,9,0.0,0.6414627938755001,1216.657191,10.114422604732042,1.586820000006507
New-S,Test-1,9,0.25,0.6024253028310037,1224.181191,8.602195409869767,1.4487253333209082
New-S,Test-1,9,0.5,0.5380838959403138,1292.5714839999998,7.171591115125175,1.4511071666687105
New-S,Test-1,9,0.75,0.45846661534748306,1636.3542106666664,5.881985063041931,1.574191699968651
New-S,Test-1,9,1.0,0.15742909535774197,2890.8678786666665,2.86058556071607,1.6105963000639651
New-S,Test-2,0,0.0,0.7050844299618269,2214.2348500000003,37.891491781610476,2.3622816667193547
New-S,Test-2,0,0.25,0.756965212763112,2305.486554,35.952684309030374,2.4034606666537
New-S,Test-2,0,0.5,0.790149005746633,2338.98785,36.39055938396023,2.2802543666524193
New-S,Test-2,0,0.75,0.6515772026516767,4251.640919,18.183893251680345,2.823454999985794
New-S,Test-2,0,1.0,0.16550302561613175,8058.318638,7.208657072312526,3.0530931333390376
New-S,Test-2,1,0.0,0.5120928385250537,2232.7783106666666,55.32490578677317,2.4315284333424643
New-S,Test-2,1,0.25,0.49380420324879876,2237.801894,42.11984895245146,2.655244166691167
New-S,Test-2,1,0.5,0.4624238307473618,2338.446894,37.577650247340976,2.46988156674585
New-S,Test-2,1,0.75,0.4243784986656169,2931.4208940000003,33.05203225751643,2.462046366689416
New-S,Test-2,1,1.0,0.1623570948185505,7382.984587666666,15.703197070142869,2.9390000333466255
New-S,Test-2,2,0.0,0.7163023526891013,2168.6629806666665,49.2795989610475,2.5355563667059564
New-S,Test-2,2,0.25,0.726620094252404,2201.0948053333336,43.8519861608825,2.4378813666990027
New-S,Test-2,2,0.5,0.7007245852434961,2222.1268086666664,40.349020120235906,2.290781700052321
New-S,Test-2,2,0.75,0.6210368990229117,3488.8859626666667,26.834950246595852,2.4355881333273524
New-S,Test-2,2,1.0,0.17296039615640454,7310.611970000001,10.455294579131944,2.7487046333650746
New-S,Test-2,3,0.0,0.7442773615775273,1961.2651409999999,42.72173523564184,2.438839533366263
New-S,Test-2,3,0.25,0.7106694466704558,1939.2675209999998,37.42210141250553,2.2783712667102614
New-S,Test-2,3,0.5,0.6734111401402091,2033.262394333333,33.90519940901796,2.349061533304242
New-S,Test-2,3,0.75,0.6349708649044408,2793.3174293333336,29.07550164898304,3.0321197666150206
New-S,Test-2,3,1.0,0.22267057730971576,6821.323722666667,13.124810719351222,3.014621266629547
New-S,Test-2,4,0.0,0.5434254971509054,2028.9998916666666,45.71002785343239,2.5943188666909314
New-S,Test-2,4,0.25,0.6095996610147245,1997.612225,39.63905845711893,2.4259435333466777
New-S,Test-2,4,0.5,0.6583562731393865,2317.3848916666666,33.10854313861568,2.5250592000084
New-S,Test-2,4,0.75,0.5994867245297808,3678.4914416666666,22.399636390094344,2.4416713333533457
New-S,Test-2,4,1.0,0.2555080655339511,8171.040036666665,12.153596118115821,2.81762033336175
New-S,Test-2,5,0.0,0.6568735764781014,1752.1680250000002,44.04174822434359,2.3476466666519022
New-S,Test-2,5,0.25,0.6444698399211334,1713.3619186666667,40.54241934372484,2.471775066689588
New-S,Test-2,5,0.5,0.6380350107759445,1830.1224463333335,36.7472480304641,2.550115666623848
New-S,Test-2,5,0.75,0.6214802574694658,2421.052409666667,32.768644736341464,2.651246633303041
New-S,Test-2,5,1.0,0.1842420959557711,6886.527138666665,11.47578257860289,2.862116799961465
New-S,Test-2,6,0.0,0.7484807300877634,2300.040915,57.74615483875456,2.5104835000044354
New-S,Test-2,6,0.25,0.7506756094249275,2307.444915,45.77993493760041,2.6901877666435516
New-S,Test-2,6,0.5,0.74842871199924,2415.871915,43.378171403808985,2.3764711333205923
New-S,Test-2,6,0.75,0.6127163533953558,3739.9288500000002,25.102925111144486,2.48266566665067
New-S,Test-2,6,1.0,0.203156154934893,7332.839474666667,12.400104924170202,2.8529549333034083
New-S,Test-2,7,0.0,0.49181417979723535,2216.720323,44.87906868559795,2.3712518666482842
New-S,Test-2,7,0.25,0.5143669367317317,2198.0030646666664,41.061368473398936,2.3868315999861807
New-S,Test-2,7,0.5,0.5327066414330591,2355.775371333333,37.487941666938674,2.4643598666104176
New-S,Test-2,7,0.75,0.5177748306551104,3716.271612,28.700850346579383,2.3890650999965146
New-S,Test-2,7,1.0,0.18336614634283688,8477.472666,12.665223975152047,3.0601342333247885
New-S,Test-2,8,0.0,0.6146785388824846,1891.8994143333332,47.079145610386696,2.220750133312928
New-S,Test-2,8,0.25,0.590160509878794,1904.2519443333333,36.89600286919367,2.537681966631984
New-S,Test-2,8,0.5,0.57837746113357,2114.669534666667,34.34630309851824,2.6709015333326533
New-S,Test-2,8,0.75,0.49005959299691226,2953.160058666667,24.393153222824797,2.64415760000702
New-S,Test-2,8,1.0,0.16595808662277753,6050.453216999999,12.135548454489163,2.867212799998621
New-S,Test-2,9,0.0,0.607975049891272,1747.4903026666668,34.0630400295609,2.3906375999795273
New-S,Test-2,9,0.25,0.5984322491969558,1743.4832756666667,30.923796345457635,2.9151307666907087
New-S,Test-2,9,0.5,0.5970908772966617,1863.3652923333332,29.410224141159244,2.3850213666446507
New-S,Test-2,9,0.75,0.49470843578102003,2597.719571,19.306336882612896,2.377705500034305
New-S,Test-2,9,1.0,0.17834883467069396,6178.606242000001,9.60863451507789,2.5896881667043394
New-S,Test-3,0,0.0,0.6557838322170744,4393.1673599999995,157.27319924168773,4.8497362666530535
New-S,Test-3,0,0.25,0.6372633211089739,4396.784587,121.94227787480406,5.049742199985
New-S,Test-3,0,0.5,0.6397553363778105,5231.957727,104.79618381192633,5.388934500010994
New-S,Test-3,0,0.75,0.5142602389754177,6123.889986333333,80.08555990443224,5.459153999962534
New-S,Test-3,0,1.0,0.26279025135382567,13209.029475000001,55.24261459017563,6.128573033298987
New-S,Test-3,1,0.0,0.5790481370743895,3848.219556666667,188.26060776392183,5.269785500015132
New-S,Test-3,1,0.25,0.598424114875491,4195.353106333333,148.8709906429337,5.472821466663542
New-S,Test-3,1,0.5,0.5505464907487451,4518.038156333333,125.4630838222888,5.141361633315682
New-S,Test-3,1,0.75,0.44202941954072567,5678.5164540000005,90.70555781357207,5.6133440333263325
New-S,Test-3,1,1.0,0.21530161408798443,10631.391056333334,64.1234735140399,6.04374366668829
New-S,Test-3,2,0.0,0.6192002466502355,4290.682151333333,151.88526498378053,5.210707366621743
New-S,Test-3,2,0.25,0.6021331181973342,4331.016873333333,128.77716974216162,5.300576999977541
New-S,Test-3,2,0.5,0.6100988412301181,5150.250541,115.13383726154775,5.128540866697828
New-S,Test-3,2,0.75,0.48920085421260334,6196.475250333333,85.50016015173254,5.232066633296199
New-S,Test-3,2,1.0,0.22849478532414338,13333.825882333336,55.15764924627377,5.924960499978624
New-S,Test-3,3,0.0,0.5584055829592116,3984.218702666667,109.96299213394387,5.126492099991689
New-S,Test-3,3,0.25,0.5848893733071904,4226.362211,102.00533585642575,4.882052299954618
New-S,Test-3,3,0.5,0.5684575196418004,4626.180739666666,88.58797406915738,5.2932252999550355
New-S,Test-3,3,0.75,0.5059577492101366,6343.512532,68.5900766823279,5.4316564666417735
New-S,Test-3,3,1.0,0.20717049154598485,13033.325718000002,37.56698788895067,5.957000166682216
New-S,Test-3,4,0.0,0.6072189021807718,3807.184704,144.5818987422804,5.295610399994378
New-S,Test-3,4,0.25,0.5851881381768568,3919.2571143333334,116.64645562785614,4.845263733334529
New-S,Test-3,4,0.5,0.5664956949135996,4450.107403666666,106.06100167895191,5.13464366667904
New-S,Test-3,4,0.75,0.48729553605292936,6291.464813333333,79.00017558440732,5.525324933347292
New-S,Test-3,4,1.0,0.1951267426462546,10308.198037333332,48.89845813616868,5.816235999964799
New-S,Test-3,5,0.0,0.6286020790695238,4084.317751,153.78767829232106,5.02600046666339
New-S,Test-3,5,0.25,0.6238751902148629,4211.314076666667,132.17206193270536,5.063758466703196
New-S,Test-3,5,0.5,0.5911336236331749,4877.61441,103.51314629481423,5.231447400020746
New-S,Test-3,5,0.75,0.49333130118673624,6314.81541,80.06526820803849,5.192247299981925
New-S,Test-3,5,1.0,0.21400388523603117,11226.748400999999,51.32914892690528,6.253153300029226
New-S,Test-3,6,0.0,0.5372704509581906,4011.521796333333,143.57716853504266,5.2641785333010676
New-S,Test-3,6,0.25,0.5253475566172354,3915.1804873333335,123.03221039314525,5.164396299980581
New-S,Test-3,6,0.5,0.5691290957971701,4854.431953,113.67169734712276,5.359973833314143
New-S,Test-3,6,0.75,0.4755235015781152,6890.939320666667,76.01304307705813,5.3326393000315875
New-S,Test-3,6,1.0,0.23421723572541497,12223.268475333336,54.546466460704494,5.962011466695306
New-S,Test-3,7,0.0,0.6316044845439776,4071.037379,146.04218565320716,5.032048333319835
New-S,Test-3,7,0.25,0.6841471552691716,4679.53557,134.72824866390908,4.970149066648446
New-S,Test-3,7,0.5,0.603246016213152,4672.205019666667,116.17012441147175,5.654718566685915
New-S,Test-3,7,0.75,0.5467653818655289,6537.982644333332,94.28970984059117,5.238342866689588
New-S,Test-3,7,1.0,0.25305316885727963,11608.775511333335,61.03834068501941,5.587349300001127
New-S,Test-3,8,0.0,0.6284374156367986,4125.158243,146.72456485253628,4.881962233339436
New-S,Test-3,8,0.25,0.6294094087361835,4187.901242999999,134.8472886240754,4.869939433333154
New-S,Test-3,8,0.5,0.6361229270156133,4823.444243,120.05455117451758,5.181468066720602
New-S,Test-3,8,0.75,0.5427699211461041,5959.510576333333,94.06003581420988,5.466688533313572
New-S,Test-3,8,1.0,0.23746499191513948,14039.494642999998,53.04647657314206,5.64704240000962
New-S,Test-3,9,0.0,0.6652306766295091,3941.2360556666667,152.51064091555926,5.043465799962481
New-S,Test-3,9,0.25,0.6480852477568009,3882.630021333334,126.97687393479372,4.754280666665484
New-S,Test-3,9,0.5,0.6429047813841936,4221.361718333333,116.22641535216913,5.017995166708715
New-S,Test-3,9,0.75,0.5789164746898682,5546.806562000001,93.21913673468714,5.187953566627887
New-S,Test-3,9,1.0,0.2773287330670649,12076.296248333334,56.22375804821021,5.92619243330167
New-S,Test-4,0,0.0,0.6128804145632154,11206.030958333335,812.0964348871054,21.122270433348604
New-S,Test-4,0,0.25,0.6240642436675844,11867.521396333332,674.8180279651332,20.87061816667362
New-S,Test-4,0,0.5,0.5678814729203996,12344.695027000002,566.0835222852646,21.783284966639865
New-S,Test-4,0,0.75,0.5171623258883279,14674.744491333333,518.6598088915096,21.19645523330352
New-S,Test-4,0,1.0,0.3524203578438538,27052.595752000005,433.12300494864354,22.08894173335284
New-S,Test-4,1,0.0,0.6505334644893725,13373.814488999999,976.806733881941,20.923430833305854
New-S,Test-4,1,0.25,0.6145390261129153,13810.429443666666,790.6733341124491,21.635698533345323
New-S,Test-4,1,0.5,0.5547396187558832,14940.844794333336,683.3318212286043,21.293309166717034
New-S,Test-4,1,0.75,0.44592854234473706,16103.750322333333,595.3833455295229,21.425506766691495
New-S,Test-4,1,1.0,0.28165072354594245,25347.52064666667,502.8741924541869,22.081563899992034
New-S,Test-4,2,0.0,0.6345634205010732,11870.938060333332,937.5666087417961,21.920003633325297
New-S,Test-4,2,0.25,0.6253830334651158,12227.842337666667,787.8502505719292,21.806460366700776
New-S,Test-4,2,0.5,0.5859784927029296,13163.954259999999,682.4382143132394,21.7615177333743
New-S,Test-4,2,0.75,0.525229399414212,16253.907986666667,598.5127824873456,21.699807866748113
New-S,Test-4,2,1.0,0.35239947824548806,27106.81983466666,513.5674746878519,22.182436133385636
New-S,Test-4,3,0.0,0.6465649879373293,11644.743648333335,1022.2034920862365,22.33610066670614
New-S,Test-4,3,0.25,0.6140496848378082,11756.969723,829.3415009601964,21.72797756669267
New-S,Test-4,3,0.5,0.5527664115951275,12291.707402666667,704.7856804504403,21.875973833336804
New-S,Test-4,3,0.75,0.507182882605982,15389.641660000003,652.0835232310503,22.15835236668742
New-S,Test-4,3,1.0,0.3425329531068995,22692.332421,570.6530598502871,22.315739633321453
New-S,Test-4,4,0.0,0.6041404356171484,12759.964324333334,860.8956714409696,22.07017586667401
New-S,Test-4,4,0.25,0.6101214902847258,13741.597457666669,816.5444159118555,21.74298693332821
New-S,Test-4,4,0.5,0.5396044832900314,14052.384201333332,691.6199223600643,22.396988166612573
New-S,Test-4,4,0.75,0.48006280796981643,16274.618135666664,640.4144319141295,22.687282400011707
New-S,Test-4,4,1.0,0.32109848495189325,29121.413278000004,536.5801101092007,21.674674699975487
New-S,Test-4,5,0.0,0.6364246613473886,11953.529274,768.4563135635079,21.7044481333578
New-S,Test-4,5,0.25,0.6390461557694728,12835.091456,647.6387825063142,21.817001100008685
New-S,Test-4,5,0.5,0.5834464414891124,13736.352796,557.3519646299973,21.209289200021885
New-S,Test-4,5,0.75,0.5187073525637883,15670.505267666667,529.1412479933291,21.222509233319823
New-S,Test-4,5,1.0,0.34101958255129533,26331.75460733334,436.3881327034571,21.030780800036155
New-S,Test-4,6,0.0,0.751215202160939,13312.407825333334,837.0707166386807,20.516625900015544
New-S,Test-4,6,0.25,0.6895302793897188,13329.854248666665,652.568227666974,21.315522133333918
New-S,Test-4,6,0.5,0.6556743794138604,14974.194341666667,606.8155327245594,21.2287306333504
New-S,Test-4,6,0.75,0.5349340542154465,17063.01357766667,510.4405483280738,21.363019366671022
New-S,Test-4,6,1.0,0.3584811131688593,24098.418534333334,466.44688479911497,21.951428533376504
New-S,Test-4,7,0.0,0.6779192201169394,11597.862656333333,834.3649871977973,21.386081699980423
New-S,Test-4,7,0.25,0.6503473841286048,12023.108331000001,717.8595341124029,21.059637666641112
New-S,Test-4,7,0.5,0.5837868097584106,12600.884444000001,627.5390395697337,21.095661366630036
New-S,Test-4,7,0.75,0.5050439818617197,14623.811110666664,565.5685971550129,21.137523866685417
New-S,Test-4,7,1.0,0.3272501755890264,22848.808777333335,476.450167199776,21.26941846664219
New-S,Test-4,8,0.0,0.6399440239080699,12772.541494999998,913.7660599195264,22.079877666702185
New-S,Test-4,8,0.25,0.6360854736268118,13376.819166666666,771.6137047558523,21.261205599992536
New-S,Test-4,8,0.5,0.5851053634091039,13955.491343333333,680.9831174659815,20.439814633340575
New-S,Test-4,8,0.75,0.5159126731679686,16235.172012999998,602.5353308518207,21.014297733316198
New-S,Test-4,8,1.0,0.3678270257997773,28001.12103566667,531.8162696688138,21.558743733369436
New-S,Test-4,9,0.0,0.7091403605203719,11913.799451666666,905.8649178635754,21.249456866644323
New-S,Test-4,9,0.25,0.6799066949258276,12129.058496,782.4334301691974,22.062981466646306
New-S,Test-4,9,0.5,0.6200043105729406,12824.993979666666,673.4461356410989,22.55283403330638
New-S,Test-4,9,0.75,0.5508888815087428,15053.459907333336,615.8173371043998,19.87923129997216
New-S,Test-4,9,1.0,0.3725863343559608,25047.720535999997,526.4376770225686,19.82171313332704
Old-L,Test-1,0,0.0,0.8227236689253439,1436.519735,10.598710339599082,1.5996555999930326
Old-L,Test-1,0,0.25,0.756443370728519,1436.519735,9.153870855499033,1.5902908000086124
Old-L,Test-1,0,0.5,0.6737196531272477,1525.3907350000002,7.77841522444377,1.5069215000063803
Old-L,Test-1,0,0.75,0.5390646962349557,2046.1677350000002,5.386671617375595,1.812112299958244
Old-L,Test-1,0,1.0,0.1625388246061518,3143.5207350000005,2.668315642631718,1.6143159333538886
Old-L,Test-1,1,0.0,0.7585252155131119,1135.3569320000001,6.98870691289144,1.619822600002711
Old-L,Test-1,1,0.25,0.7093676064676195,1149.1630346666668,6.419958382130652,1.6211738667140405
Old-L,Test-1,1,0.5,0.6527958251499681,1149.1630346666666,6.463451698512036,1.5149596666451544
Old-L,Test-1,1,0.75,0.5072600484052271,1817.8571519999998,3.2628774625859553,1.8696173999924213
Old-L,Test-1,1,1.0,0.24907205877826444,2206.417158,2.9931899085579565,1.5868745333670329
Old-L,Test-1,2,0.0,0.8192238233698003,1329.277093,11.696873138744898,1.4995311666668083
Old-L,Test-1,2,0.25,0.7721939719027301,1351.8850929999999,9.762369955908886,1.7038363666118432
Old-L,Test-1,2,0.5,0.6978238140234008,1374.7251880000001,9.084981758048636,1.4890572333630796
Old-L,Test-1,2,0.75,0.6231191438267976,1374.7251880000001,9.084981758048636,1.4680752666899934
Old-L,Test-1,2,1.0,0.21157525249857323,2971.409410333333,3.5049354125912746,1.518951433361508
Old-L,Test-1,3,0.0,0.7233870920523722,1233.761149,11.037435115972224,1.489842633328711
Old-L,Test-1,3,0.25,0.7503180459324644,1288.8447053333332,8.965516107805918,1.5403380667169888
Old-L,Test-1,3,0.5,0.7262042597790739,1342.574149,8.122978787917305,1.442906833331411
Old-L,Test-1,3,0.75,0.6731321827961559,1582.8758156666665,7.181849177373986,1.5869882333790883
Old-L,Test-1,3,1.0,0.33700024161165,3747.895319666666,4.115089445404467,1.639229566634943
Old-L,Test-1,4,0.0,0.8318614759611571,1042.265184,5.377419301978762,1.503319966645601
Old-L,Test-1,4,0.25,0.8420115425043931,1054.583184,4.444974363594071,1.5022931333320837
Old-L,Test-1,4,0.5,0.842330263034934,1054.583184,4.444974363594071,1.7022588333347812
Old-L,Test-1,4,0.75,0.556075419171142,2076.751850666667,0.9962238514120804,1.5417133666730176
Old-L,Test-1,4,1.0,0.18426981314483534,2464.1181839999995,0.9716559619462819,1.6261242999850463
Old-L,Test-1,5,0.0,0.789821163537685,1493.852844,12.893135000402863,1.6671648666185017
Old-L,Test-1,5,0.25,0.8247209899899749,1559.4562723333331,10.627770898354443,1.4438698667023953
Old-L,Test-1,5,0.5,0.8139772346019462,1592.9321656666664,10.117664385762449,1.4894546000286937
Old-L,Test-1,5,0.75,0.6351585139967473,2412.2685340000003,5.430577889650031,1.6921485666728888
Old-L,Test-1,5,1.0,0.3209940897393732,3679.9535073333336,4.133268838170015,1.613596766643847
Old-L,Test-1,6,0.0,0.6935448904260618,1284.177315,11.218270096791002,1.5476453333782654
Old-L,Test-1,6,0.25,0.6682077563751037,1302.3931789999997,8.331341842572304,1.5329442666455482
Old-L,Test-1,6,0.5,0.6330327913218934,1302.393179,8.331341842572304,1.6624707999872044
Old-L,Test-1,6,0.75,0.47965912329039767,1747.9901790000001,4.8101279065251425,1.6753578333882615
Old-L,Test-1,6,1.0,0.2785927759951881,2249.9741790000003,4.124973073950201,1.6054323332694669
Old-L,Test-1,7,0.0,0.842318348730733,1308.800929,14.452398098386695,1.9003786666629214
Old-L,Test-1,7,0.25,0.8153898479903702,1308.800929,13.917914503481493,1.5786134333660204
Old-L,Test-1,7,0.5,0.7090021569036428,1404.961609,9.734503475264326,1.5928481333733846
Old-L,Test-1,7,0.75,0.5789642854355502,1811.5075956666667,7.262728388467625,1.521674633375369
Old-L,Test-1,7,1.0,0.2173494417657397,2902.6049289999996,4.117932279187847,1.561515066656284
Old-L,Test-1,8,0.0,0.7054487452865913,1113.2875110000002,8.778766899312606,1.640119266657469
Old-L,Test-1,8,0.25,0.7136464985058947,1136.180511,8.030503187276096,1.5413605333693947
Old-L,Test-1,8,0.5,0.7073378120442756,1136.180511,8.030503187276096,1.5160443333443254
Old-L,Test-1,8,0.75,0.6764037869379168,1945.738617,5.674372119195229,1.6105105333651106
Old-L,Test-1,8,1.0,0.3216418972441429,2665.763515666667,3.7179650051012936,1.552584166599748
Old-L,Test-1,9,0.0,0.6482363895215397,1229.5046140000002,11.420037382667902,1.4682292332872748
Old-L,Test-1,9,0.25,0.6024253028310037,1224.181191,8.602195409869767,1.6781821332794304
Old-L,Test-1,9,0.5,0.5380838959403138,1292.5714839999998,7.171591115125175,1.489675133372657
Old-L,Test-1,9,0.75,0.45771840519166873,1599.7454253333333,5.980763919411277,1.4499736666524161
Old-L,Test-1,9,1.0,0.18052908707200713,2959.236721666666,3.2803269217416715,1.571845000027679
Old-L,Test-2,0,0.0,0.7119538841000903,2235.807564,37.780960678880575,2.400187666683147
Old-L,Test-2,0,0.25,0.7474799616405936,2249.801564,36.61712018002214,2.5761576666651913
Old-L,Test-2,0,0.5,0.7700738812464022,2433.588972,33.32968780367827,2.802484366654729
Old-L,Test-2,0,0.75,0.6091433192167276,4165.826230666667,16.116297358629264,2.7909387333396203
Old-L,Test-2,0,1.0,0.15868475702872273,7855.5912326666685,6.911680265450079,2.9898225999980546
Old-L,Test-2,1,0.0,0.5116543169295231,2230.866310666667,51.04564119718009,2.5303049999444434
Old-L,Test-2,1,0.25,0.4930352335207338,2170.3472273333336,46.31138635237937,2.6238991332938895
Old-L,Test-2,1,0.5,0.47928235792308754,2555.863894,36.01581048226673,2.545609599988287
Old-L,Test-2,1,0.75,0.4076929461210263,3017.1655606666664,30.266236713490695,2.4292768333107233
Old-L,Test-2,1,1.0,0.1619928132142464,7292.4166363333325,15.667963711059867,2.6512197333698473
Old-L,Test-2,2,0.0,0.6912009746830098,2092.66654,51.14394239551056,2.3658077999716625
Old-L,Test-2,2,0.25,0.7295948974437287,2187.388925333333,45.392242652879325,2.332882566649156
Old-L,Test-2,2,0.5,0.7410946851751579,2386.9909439999997,41.93799096816456,2.40694789995905
Old-L,Test-2,2,0.75,0.6568128513344861,3653.6890359999998,28.62162092094182,2.7982215999703235
Old-L,Test-2,2,1.0,0.18709508381766446,7718.900946000001,11.309723260879744,3.2571952666621655
Old-L,Test-2,3,0.0,0.7872546443726186,2074.515726,44.26635995289444,2.9047234000172466
Old-L,Test-2,3,0.25,0.7272551516305795,1984.8654959999997,38.27271052867521,2.7981545666698366
Old-L,Test-2,3,0.5,0.7237164907178909,2118.2476709999996,37.93451085560915,2.431939533329569
Old-L,Test-2,3,0.75,0.6575502408417649,2982.4468543333332,29.439867535916193,2.477069199977753
Old-L,Test-2,3,1.0,0.20789385823771425,7670.769032666668,12.253830623030323,2.799126833366851
Old-L,Test-2,4,0.0,0.5282077968900039,1972.181225,45.337608522195275,2.4697753000461184
Old-L,Test-2,4,0.25,0.6204893780722841,2095.4992249999996,37.969852351418865,2.60237013331304
Old-L,Test-2,4,0.5,0.6592440874210119,2344.1508916666667,32.85201337472656,2.413543299965871
Old-L,Test-2,4,0.75,0.6102527940002079,3862.321126666667,22.301797293543427,2.823919133322003
Old-L,Test-2,4,1.0,0.2457969554881133,7520.5944199999985,11.691673677002091,2.8891697000168883
Old-L,Test-2,5,0.0,0.6944800770539287,1852.480947,45.694853829720046,2.5332499666837975
Old-L,Test-2,5,0.25,0.7278061641187671,1951.640697,44.6133953515087,2.5011778000043705
Old-L,Test-2,5,0.5,0.6660347230083454,1998.6373243333335,36.300315727914445,2.689024433338394
Old-L,Test-2,5,0.75,0.6277638887922882,2561.548203,32.19693403640848,2.457463733308638
Old-L,Test-2,5,1.0,0.21680694012227916,7304.410778333331,13.504130494546288,2.665943600004539
Old-L,Test-2,6,0.0,0.7488892628029613,2301.2963139999997,53.82211468676342,2.3674184333455437
Old-L,Test-2,6,0.25,0.7575910795507431,2327.460915,46.27562034831084,2.450980466674082
Old-L,Test-2,6,0.5,0.7505891705708262,2366.817915,44.61625827610408,2.4527818666926273
Old-L,Test-2,6,0.75,0.6248759501077362,3714.228885666667,26.262668258510804,2.605237199963691
Old-L,Test-2,6,1.0,0.22893578433234427,7217.461639333334,13.973624119476225,2.7073796667003385
Old-L,Test-2,7,0.0,0.47866296237879724,2157.4447426666666,44.82502418065633,2.34105806669686
Old-L,Test-2,7,0.25,0.5440780340419274,2406.514595,39.684080290433556,2.3680265666528917
Old-L,Test-2,7,0.5,0.5141112080707959,2237.5136536666664,36.73143475436405,2.524279966678781
Old-L,Test-2,7,0.75,0.5125581195014132,3632.6528773333334,28.64755733399734,2.765529966680333
Old-L,Test-2,7,1.0,0.20860401129646156,8103.562417999999,14.408420408449308,2.936277433337333
Old-L,Test-2,8,0.0,0.6074119611006127,1869.533847,44.39224558228432,2.4417469333081194
Old-L,Test-2,8,0.25,0.6126421176952715,2017.6736490000003,35.38775971224096,2.6614750666388622
Old-L,Test-2,8,0.5,0.5959019116774474,2192.891589666667,35.050820764256144,2.484074900004392
Old-L,Test-2,8,0.75,0.4913145286749458,2875.4550189999995,25.130881770330642,2.4940234333431968
Old-L,Test-2,8,1.0,0.1613501401730262,5920.075775666667,11.798596163976475,2.7800877666644133
Old-L,Test-2,9,0.0,0.6154607581108634,1769.0063213333333,36.31010691052995,2.3387730999384075
Old-L,Test-2,9,0.25,0.57123425411267,1679.488993,28.661100242883155,2.4789843666367233
Old-L,Test-2,9,0.5,0.6129991401528846,1912.6140750000002,30.201236299880165,2.348305999961061
Old-L,Test-2,9,0.75,0.5203132093289905,2872.749474,19.427243293059146,2.478613866609521
Old-L,Test-2,9,1.0,0.21812588296629165,6378.899351666667,11.751643298211832,2.8976440667174757
Old-L,Test-3,0,0.0,0.6634433813420199,4444.479514333333,148.1598864349003,5.235834533309874
Old-L,Test-3,0,0.25,0.7091847897314928,4870.955236333333,137.7804309567151,5.622649399990526
Old-L,Test-3,0,0.5,0.6496248530072748,5160.617194333333,111.18427695351814,5.534013166674413
Old-L,Test-3,0,0.75,0.5605686436250243,6265.176157000001,91.58739001629878,5.636401233302119
Old-L,Test-3,0,1.0,0.2776580535347642,13275.903981000001,58.368058785511074,6.12522010000733
Old-L,Test-3,1,0.0,0.5618984867476474,3734.24696,179.14513199158716,5.295636733334201
Old-L,Test-3,1,0.25,0.5705636990282296,3939.545785999999,150.0723283256393,5.686813999976342
Old-L,Test-3,1,0.5,0.5292551395731673,4445.949626666667,116.01129548492843,5.798434466628048
Old-L,Test-3,1,0.75,0.441251479648828,5233.969959999999,97.03743350970716,5.846205599955283
Old-L,Test-3,1,1.0,0.22103862827150314,10666.94296,65.83213361213001,5.894008666664983
Old-L,Test-3,2,0.0,0.6917764408761949,4793.591158333334,156.16731460977977,5.60673859998739
Old-L,Test-3,2,0.25,0.6570728343844673,4844.675758666667,128.14380734165195,5.352544099985001
Old-L,Test-3,2,0.5,0.6149926989893046,5151.291133666666,117.46029871486321,5.213757466602449
Old-L,Test-3,2,0.75,0.5071354582170268,6453.960287000001,88.28265033718715,5.834604333348882
Old-L,Test-3,2,1.0,0.22838725648356814,13013.143971666666,55.13169225095813,6.1412735666381195
Old-L,Test-3,3,0.0,0.5436993735945682,3879.290034,112.53014895660432,5.730304400048529
Old-L,Test-3,3,0.25,0.5799872107071941,4107.0493676666665,107.5465289756044,5.587621766647014
Old-L,Test-3,3,0.5,0.585423966428513,4698.044663333333,92.91475021139979,5.086202966670196
Old-L,Test-3,3,0.75,0.49167326315274523,5828.4342676666665,69.49991934475655,5.6238270666605485
Old-L,Test-3,3,1.0,0.21886012353454398,12543.939293666668,39.68671189048887,6.053832766638759
Old-L,Test-3,4,0.0,0.5992751998489783,3757.3787083333336,139.84687239598918,5.1619904666828615
Old-L,Test-3,4,0.25,0.5808143630357782,3887.8147206666667,116.03234269175125,5.562126166652888
Old-L,Test-3,4,0.5,0.5396018993804023,4105.852388333333,106.34133042559654,5.175725533316533
Old-L,Test-3,4,0.75,0.464737282839589,5706.071788000001,79.26188508172483,5.327811533313555
Old-L,Test-3,4,1.0,0.20502191796377758,11045.418123000001,51.37817367619149,5.995026633376256
Old-L,Test-3,5,0.0,0.6192177461504924,4023.34341,150.98564540915535,5.285212399981295
Old-L,Test-3,5,0.25,0.6357346713290489,4343.307782333333,128.9326160227259,5.327092333308731
Old-L,Test-3,5,0.5,0.5873221281613518,4861.719076666667,102.27153121088789,5.849749766678239
Old-L,Test-3,5,0.75,0.49070222367909516,6100.678743333333,81.85941037347101,5.361464166703324
Old-L,Test-3,5,1.0,0.22783203469812338,11355.34841,54.64585106219778,6.2826914333272725
Old-L,Test-3,6,0.0,0.5396784960000055,4029.5014286666665,156.43588492887434,5.328875000006519
Old-L,Test-3,6,0.25,0.5455687322451795,4083.7095483333337,126.09946329225237,5.342993833318663
Old-L,Test-3,6,0.5,0.5417242938285399,4600.019032666666,108.8426138217639,5.359085833382172
Old-L,Test-3,6,0.75,0.4848511637907796,6718.700952666666,80.70021995338868,5.7283859999539954
Old-L,Test-3,6,1.0,0.23966939260443107,11351.510267333331,55.81621030094178,5.967730333291304
Old-L,Test-3,7,0.0,0.6596119785810658,4251.561042,156.99670296574368,5.596428599945891
Old-L,Test-3,7,0.25,0.6377821111318615,4266.382231666667,136.37735582429238,5.500789066660218
Old-L,Test-3,7,0.5,0.6148897199284166,4851.544586666667,115.07591543172197,5.33830169995781
Old-L,Test-3,7,0.75,0.5486379063863025,5948.660231666666,102.24320912102394,5.678203166656506
Old-L,Test-3,7,1.0,0.26160223220651735,12524.398997666669,63.100439506405415,5.764143633384568
Old-L,Test-3,8,0.0,0.6435204014387452,4224.1652429999995,149.80466286016795,5.43198903335724
Old-L,Test-3,8,0.25,0.6321004622360786,4249.115242999999,131.00229529441586,5.414367533366506
Old-L,Test-3,8,0.5,0.6202237318910275,4765.799909666667,114.91293048623076,5.132835466647521
Old-L,Test-3,8,0.75,0.5516916876670883,6238.4529096666665,93.55311672311022,5.351092999995065
Old-L,Test-3,8,1.0,0.23579076754082126,13797.980242999996,52.67247742769246,6.046931200039883
Old-L,Test-3,9,0.0,0.6995633804113957,4144.644128666667,149.89331679976328,5.279731933337946
Old-L,Test-3,9,0.25,0.6809100292318973,4118.775238333334,129.35375313997054,5.224341533302019
Old-L,Test-3,9,0.5,0.6697737629811772,4403.534724000001,120.88714545074077,5.637591566735257
Old-L,Test-3,9,0.75,0.5967888252453651,5596.298970000001,97.48570624852773,5.447459700051695
Old-L,Test-3,9,1.0,0.2654563115821084,12444.260788000001,53.81682334067253,5.872611066675745
Old-L,Test-4,0,0.0,0.6034316005108882,11033.266908,731.0137317834724,22.55003846665689
Old-L,Test-4,0,0.25,0.5921722713482684,11270.800872666665,638.3655991601338,21.680971599998884
Old-L,Test-4,0,0.5,0.5745302406430263,12322.804020666665,583.897563463574,22.75478596663258
Old-L,Test-4,0,0.75,0.5090572175152565,14351.435601333333,512.6221563697804,22.31140756669144
Old-L,Test-4,0,1.0,0.36205096709139534,24279.753622000004,444.9589795850168,23.601922799949534
Old-L,Test-4,1,0.0,0.6486654185525039,13335.410777,1000.7134903375487,21.622672266637284
Old-L,Test-4,1,0.25,0.5995015737386107,13451.281776999998,776.8530794715731,22.738647033344023
Old-L,Test-4,1,0.5,0.5517147303040953,14451.651723666664,715.015961108746,22.722286399958346
Old-L,Test-4,1,0.75,0.4658433686869918,16549.872777,629.8776297870289,23.22028703331792
Old-L,Test-4,1,1.0,0.30840185238045414,25695.783110333334,550.6370816828335,23.459507433348335
Old-L,Test-4,2,0.0,0.613931506929197,11484.971646,909.8596969006413,22.78618743332724
Old-L,Test-4,2,0.25,0.6152625372943152,11980.679101,786.6180647401922,22.423859133346316
Old-L,Test-4,2,0.5,0.5896406237633669,12902.167054333333,713.506106013709,22.695161000010557
Old-L,Test-4,2,0.75,0.5155244168465977,15923.968935000003,588.222486480359,22.891762466635555
Old-L,Test-4,2,1.0,0.35820407466165016,26526.954409666665,522.0267718975766,23.164238666649908
Old-L,Test-4,3,0.0,0.6228004885368628,11216.741036666668,1000.0191346624047,23.293369366709765
Old-L,Test-4,3,0.25,0.6202213953426041,11681.386703333332,891.4440726793936,21.97371310003412
Old-L,Test-4,3,0.5,0.5528046250912443,12283.727406999998,705.651173416124,22.574459766658645
Old-L,Test-4,3,0.75,0.5018634189944637,15050.768511333335,650.7161998268866,22.88514443335589
Old-L,Test-4,3,1.0,0.35213100951027343,22077.23337,586.6432301551325,24.456227299951326
Old-L,Test-4,4,0.0,0.6415881128260971,13550.891395333332,1014.307132912751,22.563319900034305
Old-L,Test-4,4,0.25,0.572967497681533,12751.479069666666,803.2094483084857,22.69420106666318
Old-L,Test-4,4,0.5,0.5596550230770202,14668.092793333335,709.9171980349264,22.471667766648654
Old-L,Test-4,4,0.75,0.48382358311356993,16701.69961966667,637.5302992823882,23.252351766685024
Old-L,Test-4,4,1.0,0.3331730873506955,28426.252953,556.757693586883,23.534949866705574
Old-L,Test-4,5,0.0,0.6263622531451076,11764.533940666666,794.2487623159365,22.18937039996187
Old-L,Test-4,5,0.25,0.6319113920625341,12327.039274,714.9608161861048,22.70714209997095
Old-L,Test-4,5,0.5,0.597764776059443,13356.559274000001,619.8727764458132,22.237698033296812
Old-L,Test-4,5,0.75,0.5221326776245068,15712.194372333333,534.0387972632866,22.42982403332523
Old-L,Test-4,5,1.0,0.35563185184795865,24080.708607333334,455.0868269697074,23.34381740000875
Old-L,Test-4,6,0.0,0.7215530280769169,12786.759572666668,842.908531124371,21.605098400032148
Old-L,Test-4,6,0.25,0.7063381970376997,13460.229635666665,711.3300187251192,22.362236433352034
Old-L,Test-4,6,0.5,0.6416178347289331,14126.735298333331,632.4601058724043,21.666756833321415
Old-L,Test-4,6,0.75,0.5552087059823467,17031.81869333333,546.3785527431805,22.813881833300304
Old-L,Test-4,6,1.0,0.3609796849281552,25073.72235866667,469.69796545792127,23.04985256663834
Old-L,Test-4,7,0.0,0.6673697564450434,11417.382110666667,879.7299278811605,22.736850266655285
Old-L,Test-4,7,0.25,0.6222371733995479,11321.820777333334,733.1966497644979,22.63380200000635
Old-L,Test-4,7,0.5,0.5916697449021532,12591.699444000003,651.2745477857998,21.90652823331766
Old-L,Test-4,7,0.75,0.5016506620497093,14264.557444,569.172410207788,22.621865100033272
Old-L,Test-4,7,1.0,0.33805862211074295,22579.855110666667,492.18640368359956,22.998389700000796
Old-L,Test-4,8,0.0,0.6213911534805688,12402.247690333332,887.2945429639768,21.951696166652255
Old-L,Test-4,8,0.25,0.6108939384906898,12722.436642666666,768.1345314362028,22.71463396664088
Old-L,Test-4,8,0.5,0.6002023770753698,14028.226597,719.369630778096,22.602462600024108
Old-L,Test-4,8,0.75,0.5216222392391751,16481.204179666667,607.6011848520603,21.939414133356575
Old-L,Test-4,8,1.0,0.36438450081176704,26531.69634766667,526.8389551460854,21.663172366679646
Old-L,Test-4,9,0.0,0.6706223086595055,11266.683068666667,908.6505035403276,22.733131399999063
Old-L,Test-4,9,0.25,0.6705851886888704,11758.017536666666,823.365880052942,20.989080466718104
Old-L,Test-4,9,0.5,0.61301446570417,12424.790461666666,687.3514182433242,20.283364566663902
Old-L,Test-4,9,0.75,0.5497201052925096,14802.925130666668,620.6388962331648,20.487692299997434
Old-L,Test-4,9,1.0,0.3774411606666354,23217.79573366666,533.2971972187598,20.920974599973608
Old-S,Test-1,0,0.0,0.8227236689253439,1436.519735,12.043549823699133,1.4139513667129602
Old-S,Test-1,0,0.25,0.756443370728519,1436.519735,9.153870855499033,1.590520799974911
Old-S,Test-1,0,0.5,0.6737196531272477,1525.3907350000002,7.77841522444377,1.4986954333726317
Old-S,Test-1,0,0.75,0.5390646962349557,2046.1677350000002,5.386671617375595,1.6972617000186194
Old-S,Test-1,0,1.0,0.1595613302117094,3298.742735,2.6194356603395477,1.5474340666551143
Old-S,Test-1,1,0.0,0.7585252155131119,1135.3569320000001,6.98870691289144,1.5796193333808333
Old-S,Test-1,1,0.25,0.7020143337910426,1135.356932,6.399026951082651,1.4907463333802298
Old-S,Test-1,1,0.5,0.6455034520689735,1135.356932,6.399026951082653,1.5495514000067487
Old-S,Test-1,1,0.75,0.48587647848970156,1731.777935,3.150614174068652,1.633711399976164
Old-S,Test-1,1,1.0,0.24240753961981162,2052.0029320000003,2.9130999474907817,1.5195118666936953
Old-S,Test-1,2,0.0,0.8192238233698003,1329.277093,11.696873138744898,1.49770033332364
Old-S,Test-1,2,0.25,0.7721939719027301,1351.8850929999999,9.762369955908886,1.685099000072417
Old-S,Test-1,2,0.5,0.6978238140234008,1374.7251880000001,9.084981758048636,1.4201721666613594
Old-S,Test-1,2,0.75,0.5595098574416083,1782.995490666667,6.29058332124723,1.4123711000041415
Old-S,Test-1,2,1.0,0.21638866012820016,2925.1400483333327,3.5846738633650967,1.5082743000239134
Old-S,Test-1,3,0.0,0.7233870920523722,1233.761149,10.142089995928497,1.4290211000479758
Old-S,Test-1,3,0.25,0.7254424711176934,1233.761149,8.933628201097722,1.426524066676696
Old-S,Test-1,3,0.5,0.7262042597790739,1342.574149,8.122978787917305,1.4844121000108619
Old-S,Test-1,3,0.75,0.6795051275770999,1744.9164823333333,6.898893270638886,1.4954329334044207
Old-S,Test-1,3,1.0,0.328467785586781,3573.6227480000002,4.010900144045515,1.4745288000364478
Old-S,Test-1,4,0.0,0.8318614759611571,1042.265184,5.3165067191962985,1.4342716999041538
Old-S,Test-1,4,0.25,0.8420115425043931,1054.583184,4.444974363594071,1.5446073332956682
Old-S,Test-1,4,0.5,0.842330263034934,1054.583184,4.444974363594071,1.5019337999789666
Old-S,Test-1,4,0.75,0.5648207270622453,2030.276184,1.1229074553927223,1.53471776668448
Old-S,Test-1,4,1.0,0.18197400563762686,2570.017184,0.9595501535461463,1.565576433359335
Old-S,Test-1,5,0.0,0.789821163537685,1493.852844,14.672968056295469,1.4376162999930482
Old-S,Test-1,5,0.25,0.8018257225248538,1512.371844,10.410178527801367,1.3986112666704382
Old-S,Test-1,5,0.5,0.8040390238347346,1512.371844,10.410178527801367,1.5764673999898757
Old-S,Test-1,5,0.75,0.67159847415656,2617.6302739999996,5.5901695532420606,1.4919008666571851
Old-S,Test-1,5,1.0,0.33309962099998214,3654.6105073333333,4.289145275551133,1.738685533365545
Old-S,Test-1,6,0.0,0.6951915375872503,1287.2262696666664,12.382420018627675,1.5325402666348964
Old-S,Test-1,6,0.25,0.6682077563751037,1302.393179,8.331341842572304,1.4965032333275303
Old-S,Test-1,6,0.5,0.6330327913218934,1302.393179,8.331341842572304,1.5428174999930586
Old-S,Test-1,6,0.75,0.48228443751277944,1721.744179,4.931915582709842,1.4654369999965031
Old-S,Test-1,6,1.0,0.27984369377787877,2612.103754,4.143494739319635,1.6325607000229259
Old-S,Test-1,7,0.0,0.842318348730733,1308.800929,14.604114347645448,1.7719764332675065
Old-S,Test-1,7,0.25,0.8178847048531432,1341.244929,12.920182146228617,1.4901111000217497
Old-S,Test-1,7,0.5,0.7090021569036428,1404.961609,9.734503475264326,1.6701204333609592
Old-S,Test-1,7,0.75,0.5587455729682544,1919.1429290000003,6.314494332100051,1.5625236666140456
Old-S,Test-1,7,1.0,0.21730297479207925,2954.116929,4.117051909543471,1.5698915666822966
Old-S,Test-1,8,0.0,0.7054487452865913,1113.287511,8.847893615776277,1.4726903999689966
Old-S,Test-1,8,0.25,0.7136464985058947,1136.180511,8.030503187276096,1.48695959992862
Old-S,Test-1,8,0.5,0.7073378120442756,1136.180511,8.030503187276096,1.4648761667000751
Old-S,Test-1,8,0.75,0.6000761193433592,1993.0495110000002,4.382463507838623,1.4401090333703905
Old-S,Test-1,8,1.0,0.2825656841570819,2567.3152083333334,3.2662701418562357,1.6022999666553612
Old-S,Test-1,9,0.0,0.6414627938755001,1216.657191,9.526289142216461,1.4369071333203465
Old-S,Test-1,9,0.25,0.6024253028310037,1224.181191,8.602195409869767,1.5421607666648924
Old-S,Test-1,9,0.5,0.5380838959403138,1292.5714839999998,7.171591115125175,1.470481300028041
Old-S,Test-1,9,0.75,0.45969622939642135,1600.2609066666664,6.027035530965062,1.4270956000545993
Old-S,Test-1,9,1.0,0.16044272080479485,2842.765052,2.9153450282697406,1.5273651333215337
Old-S,Test-2,0,0.0,0.7329593777479655,2301.77285,38.692884905204245,2.3086438333072388
Old-S,Test-2,0,0.25,0.7476026922054028,2243.726564,36.89127739760104,2.5205503333515176
Old-S,Test-2,0,0.5,0.7967113577502198,2385.4466806666665,36.31785130141041,2.8050125000299886
Old-S,Test-2,0,0.75,0.6226948471066401,3965.0801006666675,17.83139226198468,2.9213451000008113
Old-S,Test-2,0,1.0,0.1693368647064898,7371.823449333334,7.375643936570334,2.983583433398356
Old-S,Test-2,1,0.0,0.5153477107878364,2246.969894,49.825789676629064,2.5245906666386873
Old-S,Test-2,1,0.25,0.4918454923424938,2187.1592273333335,44.732277903194124,2.5195135000006608
Old-S,Test-2,1,0.5,0.4771961021158757,2481.297894,37.26634083494773,2.484494866686873
Old-S,Test-2,1,0.75,0.4090685230063496,2885.014894,31.420796563951413,2.364456066628918
Old-S,Test-2,1,1.0,0.15448216451303062,7384.609250333331,14.941532896246295,2.9046864333407334
Old-S,Test-2,2,0.0,0.6907998678044917,2091.4521566666667,52.15193157068347,2.599719366679589
Old-S,Test-2,2,0.25,0.726501296055782,2179.9233746666664,45.09139586763323,2.287783133370491
Old-S,Test-2,2,0.5,0.7373605918835842,2343.5978033333336,42.3529391830835,2.2237066666518026
Old-S,Test-2,2,0.75,0.6492401458931144,3355.3929293333335,29.996543318997695,2.3783571666184193
Old-S,Test-2,2,1.0,0.18355313932988115,7482.301643333335,11.095616021155225,3.1124278666684404
Old-S,Test-2,3,0.0,0.7652194894032897,2016.450301,44.064423423658546,2.297978966652105
Old-S,Test-2,3,0.25,0.7265088388752813,1984.3578093333333,38.130819625565685,2.823883100024735
Old-S,Test-2,3,0.5,0.7153204085183322,2134.593771,36.5791040406047,2.3826584000295647
Old-S,Test-2,3,0.75,0.6474765485513475,2861.824529333333,29.547536315024626,2.4375359666688987
Old-S,Test-2,3,1.0,0.1957348954858524,6903.695316000001,11.537148218961008,2.6429382666246966
Old-S,Test-2,4,0.0,0.5517845369801191,2060.2102250000003,43.380851938406316,2.3952984333348772
Old-S,Test-2,4,0.25,0.6344289746607393,2156.5818916666667,38.28755844220884,2.3500382999967164
Old-S,Test-2,4,0.5,0.668939749318105,2353.5912249999997,33.65412190162774,2.4721080333304903
Old-S,Test-2,4,0.75,0.6040060748712897,3590.6823666666664,23.059148169147743,2.4799703000268587
Old-S,Test-2,4,1.0,0.2693601904448285,7253.328793333331,12.812491684456075,2.625560566627731
Old-S,Test-2,5,0.0,0.6218568590460434,1658.763183,41.7023639503609,2.4604030333381766
Old-S,Test-2,5,0.25,0.6529900916617554,1798.4234640000002,36.706469468318836,2.3305347333274162
Old-S,Test-2,5,0.5,0.6597147497834733,1988.7028526666666,35.74499522168657,2.8140299333414682
Old-S,Test-2,5,0.75,0.628659326739697,2864.4289089999997,29.913808977075302,2.4743909999961033
Old-S,Test-2,5,1.0,0.1806761148945654,6781.558983333333,11.253670345643732,2.6246811666836343
Old-S,Test-2,6,0.0,0.7418769695387164,2279.7479150000004,57.91398415225627,2.3996309999298924
Old-S,Test-2,6,0.25,0.766859363643409,2363.4225536666668,46.39556846290491,2.276092433331845
Old-S,Test-2,6,0.5,0.7594317982371409,2512.463952666667,42.80278076055731,2.2992396333332485
Old-S,Test-2,6,0.75,0.6132824778442477,3763.071740000001,24.99577054090524,2.659833366594588
Old-S,Test-2,6,1.0,0.20629240360008969,6985.850818666667,12.591533101816069,2.6745669999703146
Old-S,Test-2,7,0.0,0.4873237947271811,2196.481118333333,44.16521762941023,2.4044788666457557
Old-S,Test-2,7,0.25,0.4960094012052463,2179.9399869999997,36.81991701148478,2.2717405666286745
Old-S,Test-2,7,0.5,0.5172609051544521,2300.5241650000003,36.2009390529673,2.2516954333210983
Old-S,Test-2,7,0.75,0.4878572240485717,3709.6524330000007,25.979422878106536,2.425873333355412
Old-S,Test-2,7,1.0,0.19182627970728952,8722.751321000002,13.249571119145104,2.922851233316275
Old-S,Test-2,8,0.0,0.6065764432505509,1866.9622333333334,43.31871133914611,2.5470892666683844
Old-S,Test-2,8,0.25,0.5870239518568968,1881.7880470000002,37.57966592095264,2.4885114666540176
Old-S,Test-2,8,0.5,0.570662427604225,1973.3315733333336,36.575908085873984,2.6613045333263776
Old-S,Test-2,8,0.75,0.4712750525246688,3075.273534,21.59462133916976,2.4470783999810615
Old-S,Test-2,8,1.0,0.16847176314276965,5991.623906000001,12.319358980556592,2.492557833320461
Old-S,Test-2,9,0.0,0.5804494365912133,1668.373993,33.14200554358428,2.7695053666442013
Old-S,Test-2,9,0.25,0.5705761903698948,1675.560993,28.74016551216631,2.2508378333489723
Old-S,Test-2,9,0.5,0.5681588324107388,1790.2949693333333,27.66239723183985,2.291853066689024
Old-S,Test-2,9,0.75,0.48772496978727714,2761.365248666667,17.78222804637788,2.5096868666587397
Old-S,Test-2,9,1.0,0.1733825436110644,6578.457341666667,9.341073048945582,2.585878033307381
Old-S,Test-3,0,0.0,0.6690115219369054,4481.781095,150.26287385853695,5.007276699955885
Old-S,Test-3,0,0.25,0.6508225341856261,4560.512984,117.93049761420484,5.59851723331182
Old-S,Test-3,0,0.5,0.6401764525091038,5125.513573666667,108.31341320602417,5.167839033296332
Old-S,Test-3,0,0.75,0.5482581530450913,6172.056769,89.11093110245163,5.2780172666922835
Old-S,Test-3,0,1.0,0.2750963479888764,12940.177896333335,57.8295482759471,5.989955333294347
Old-S,Test-3,1,0.0,0.5512255290959631,3663.31696,176.26294304512203,5.543763233309922
Old-S,Test-3,1,0.25,0.6056909054888043,4297.146876333333,143.8423892190082,5.116464066668414
Old-S,Test-3,1,0.5,0.5460339931822248,4672.300188666666,115.86188964188439,5.362137766710172
Old-S,Test-3,1,0.75,0.44820021604289656,5849.158992,90.60690761155814,5.342594333303471
Old-S,Test-3,1,1.0,0.20810971596151795,10815.929692333333,61.98150402169933,5.815526266737531
Old-S,Test-3,2,0.0,0.6822142974936888,4727.331304333333,166.0826288340568,5.249113433334666
Old-S,Test-3,2,0.25,0.618847026005476,4561.995557333333,120.77637782404695,4.983480266644619
Old-S,Test-3,2,0.5,0.6246956502618778,5317.624032333333,116.35034709151402,4.8016911000401405
Old-S,Test-3,2,0.75,0.5163749257062298,6895.691324666666,86.1270223664747,4.996060833334923
Old-S,Test-3,2,1.0,0.2244060148711964,12977.095203999997,54.170637808913206,5.7004338999977335
Old-S,Test-3,3,0.0,0.5757678913768168,4108.098613666666,123.13497182206372,5.19486533330443
Old-S,Test-3,3,0.25,0.5894330961134734,4276.97817,101.4418869037623,5.14921993331518
Old-S,Test-3,3,0.5,0.5733660520733838,4602.490082333333,90.970229630107,5.076359466727202
Old-S,Test-3,3,0.75,0.5093510617990322,6015.812448,72.18663940683287,4.828216399997473
Old-S,Test-3,3,1.0,0.22601314083742455,12976.535673333334,40.98379485042924,5.70759846669777
Old-S,Test-3,4,0.0,0.6189850634439032,3880.9570273333334,129.93665097334954,4.886674833367579
Old-S,Test-3,4,0.25,0.6056125928252561,4037.011478666666,123.00034558681723,5.024336766684428
Old-S,Test-3,4,0.5,0.5569834729372863,4345.709831333333,105.46613782529597,5.359006033356612
Old-S,Test-3,4,0.75,0.466819225053017,5680.494043666666,80.29829653584714,5.300978633303505
Old-S,Test-3,4,1.0,0.19907166833189618,10571.490531333335,49.887050375620724,5.662849599961191
Old-S,Test-3,5,0.0,0.6537972512560102,4248.0224100000005,145.63273970591322,5.095922499972706
Old-S,Test-3,5,0.25,0.6221979426728619,4277.110347333333,123.2763627739834,4.871398066636175
Old-S,Test-3,5,0.5,0.604115174181946,4940.746076666666,107.40995149316869,5.485551566661646
Old-S,Test-3,5,0.75,0.4815869249193194,5924.4374099999995,81.11294857703604,5.2801700666702045
Old-S,Test-3,5,1.0,0.20770910917305255,10637.770624000002,49.81933756230419,5.4452942333106575
Old-S,Test-3,6,0.0,0.5186253655517816,3872.3085446666664,160.5115208216891,5.47051370004192
Old-S,Test-3,6,0.25,0.5438245528150057,4120.3597199999995,121.0451825343744,4.951170533391026
Old-S,Test-3,6,0.5,0.531731713188348,4531.522563666666,106.32478705115835,5.144063899992034
Old-S,Test-3,6,0.75,0.47502272170103715,6257.583829,82.4425735018642,5.233184800017625
Old-S,Test-3,6,1.0,0.24520631359704867,12418.073245333333,57.10569471605741,5.701667099997091
Old-S,Test-3,7,0.0,0.6447460767833031,4155.74215,159.13453162852272,5.373096500018922
Old-S,Test-3,7,0.25,0.6374323596862893,4269.718138333333,135.66539263664959,5.166973500008074
Old-S,Test-3,7,0.5,0.6430787517002768,5197.646249333334,115.72279382551926,5.1530762333034845
Old-S,Test-3,7,0.75,0.5318321519898541,6047.002252666668,95.61157897908465,5.113229233267096
Old-S,Test-3,7,1.0,0.2807616488262183,11752.92993766667,67.72183588820332,5.77820473331182
Old-S,Test-3,8,0.0,0.6405826263500672,4204.881243,143.46158265081968,5.063554099954975
Old-S,Test-3,8,0.25,0.6579170883077352,4423.547909666667,136.26213532751953,5.491366400034167
Old-S,Test-3,8,0.5,0.6227271700366552,4751.3932429999995,116.521676528029,5.028528499960278
Old-S,Test-3,8,0.75,0.560812261033478,6543.540576333333,92.80882554398609,5.026725299966832
Old-S,Test-3,8,1.0,0.24337446266177257,13631.551242999996,54.36657263864112,5.489332499991481
Old-S,Test-3,9,0.0,0.6068992947012537,3595.645039333333,152.19423472366668,5.138697233361502
Old-S,Test-3,9,0.25,0.6456380189002533,3846.0404863333333,128.74848556470897,4.7544071666585905
Old-S,Test-3,9,0.5,0.6370624991474755,4119.063775,117.35807876543844,5.1591238666636245
Old-S,Test-3,9,0.75,0.6107435720080062,6196.823039666667,94.40808953242656,4.973017066678342
Old-S,Test-3,9,1.0,0.2856478019340885,12474.790448666668,57.91030999684231,5.673648266626212
Old-S,Test-4,0,0.0,0.610041972193074,11154.132297000002,781.3927447863831,21.851499733359862
Old-S,Test-4,0,0.25,0.6041448413184746,11568.056639000002,637.2812924928454,20.69805529996908
Old-S,Test-4,0,0.5,0.559770855978447,12363.892905666668,544.8572910274073,20.85114103338371
Old-S,Test-4,0,0.75,0.5095432133758978,14809.000689333334,503.16660430855205,20.703951966715977
Old-S,Test-4,0,1.0,0.3398744235586127,26846.071518333334,417.7041091993821,20.706815066630952
Old-S,Test-4,1,0.0,0.6453444447120112,13267.137443666667,890.0446345403926,20.869282466669876
Old-S,Test-4,1,0.25,0.5948434476551868,13475.08004,737.3850770268491,20.864823900007952
Old-S,Test-4,1,0.5,0.5246733120271188,14208.314207666663,639.5871089215262,20.98265386663843
Old-S,Test-4,1,0.75,0.43809541976423017,15873.327398666668,583.4064163875947,20.876929799987312
Old-S,Test-4,1,1.0,0.2887045678901111,25223.354134000005,515.4685015815083,21.086244166634668
Old-S,Test-4,2,0.0,0.6418195198409219,12006.679742,943.2045365723349,20.978790800009545
Old-S,Test-4,2,0.25,0.6256899501593008,12418.040849333333,745.1884780420679,21.004695833311416
Old-S,Test-4,2,0.5,0.5805864139731518,13255.557713666667,659.5858286531519,21.576147466665134
Old-S,Test-4,2,0.75,0.5077808316534713,15239.395078666668,590.9524303530725,20.692537133349106
Old-S,Test-4,2,1.0,0.3338541508267799,26534.541306333325,486.54054202295583,21.6862539666472
Old-S,Test-4,3,0.0,0.6403395743863834,11532.622908333333,1039.4602987534092,21.674195533346694
Old-S,Test-4,3,0.25,0.6061490809097894,11730.824433000002,783.9479976669323,22.004168666666374
Old-S,Test-4,3,0.5,0.570358695940609,13019.387316,696.0904793628116,20.952738233337488
Old-S,Test-4,3,0.75,0.4670569265632046,14326.018464333334,595.7472949913762,21.199095933271263
Old-S,Test-4,3,1.0,0.32771211068478406,23309.678501666665,545.9618323318076,22.483913066641737
Old-S,Test-4,4,0.0,0.5947113130671474,12560.813166333333,832.0226794545923,22.006084133366432
Old-S,Test-4,4,0.25,0.608535895151425,13897.485323666668,768.9443989611855,21.34089246671647
Old-S,Test-4,4,0.5,0.5333039617090828,14327.920087333338,648.7622931561226,22.39799440004087
Old-S,Test-4,4,0.75,0.45704380505600617,15838.954816333333,600.6156013280502,20.70583453332074
Old-S,Test-4,4,1.0,0.31873567937652497,28123.433480333333,532.6316814020778,20.920777199983906
Old-S,Test-4,5,0.0,0.64862375207671,12182.656454333335,832.8656163366348,21.215947033294167
Old-S,Test-4,5,0.25,0.6452630094970709,13049.786084000001,635.5784979030342,21.07371349997508
Old-S,Test-4,5,0.5,0.5698526206383174,13507.108186000003,538.1797594381351,20.236057099963848
Old-S,Test-4,5,0.75,0.5052425511557036,15461.235342333335,510.92006270861407,21.206289633332442
Old-S,Test-4,5,1.0,0.3493339323460288,25366.18460733334,447.02764951484534,20.212660633337993
Old-S,Test-4,6,0.0,0.7324460940319936,12979.797381333332,816.0239786569117,20.997956066702802
Old-S,Test-4,6,0.25,0.7069040731153846,13670.230986666667,668.0172179481428,20.170024399994873
Old-S,Test-4,6,0.5,0.6215448105072999,14073.193292333332,584.1543656108852,20.202684666650992
Old-S,Test-4,6,0.75,0.5467497245792965,16694.035255333332,539.9703031603811,20.628143166696344
Old-S,Test-4,6,1.0,0.35519076394459725,25321.22381333333,462.1655626061791,20.229186866704065
Old-S,Test-4,7,0.0,0.6787711313513177,11612.437179666667,819.2110213202662,21.25246609999643
Old-S,Test-4,7,0.25,0.633897488619389,11814.22475233333,675.3895507757549,20.635369033319876
Old-S,Test-4,7,0.5,0.5933417871926445,12962.390248000002,624.5968983029289,20.743902133350883
Old-S,Test-4,7,0.75,0.4948202724413004,14359.78977733333,553.2115994599359,19.719312000049587
Old-S,Test-4,7,1.0,0.3121281184870846,23377.055409666675,454.43365759315344,20.93572283334409
Old-S,Test-4,8,0.0,0.6345947626769078,12665.776436666667,966.2201038747653,20.352450966640998
Old-S,Test-4,8,0.25,0.6200092768065425,13105.449170666667,737.61445207393,21.16235276668643
Old-S,Test-4,8,0.5,0.5854173374836152,13828.137359666667,691.1108539412932,20.183034099987708
Old-S,Test-4,8,0.75,0.5260554852088001,16564.376349,614.1391429051307,20.549744466707732
Old-S,Test-4,8,1.0,0.35244997939944067,28598.271070333325,509.5836361711253,19.817875199990038
Old-S,Test-4,9,0.0,0.7053465014002497,11850.061327000001,953.3648422628609,21.715611300004337
Old-S,Test-4,9,0.25,0.6814567940915307,12315.061429666668,744.264959711264,19.87511353334412
Old-S,Test-4,9,0.5,0.6292582207327279,13111.255173333333,675.5214567739627,19.482312400010414
Old-S,Test-4,9,0.75,0.5399749585945809,15442.540083666667,584.3491894840886,18.913459033317242
Old-S,Test-4,9,1.0,0.36204433047443335,25272.96747533334,511.5425842002642,18.741975066678908
