experiment,method,method_id,model_id,test_scale,preference_id,preference,cost_mean,cost_sd,cost_mean_sd,risk_mean,risk_sd,risk_mean_sd,j_mean,j_sd,j_mean_sd,strict_feasible_percent,strict_feasible_sd_percent,terminal_clear_percent,terminal_clear_sd_percent,time_measurement,solve_segment_seconds_mean,solve_segment_seconds_sd,solve_segment_seconds_mean_sd,initialization_seconds_mean,initialization_seconds_sd,initialization_seconds_mean_sd,quality_complete_n,expected_n,gap_percent_mean,gap_percent_sd,gap_valid_n,gap_mean_sd,solver_status_scope,solve_segment_concurrency_scope,outcome_disclosure,technical_failure_instances,infeasible_instances,missing_instances,incomplete_quality_instances,technical_failure_instance_preferences,infeasible_instance_preferences,missing_instance_preferences,incomplete_quality_instance_preferences
E1,PPO-Transformer (Train-S),ppo,Train-S,Test-1,C100-R000,"(1,0)",1233.839972,171.2388882,1233.84 ± 171.24,10.01673136,2.982144212,10.017 ± 2.982,0.804430516,0.1279547753,0.8044 ± 0.1280,100,0,100,0,并发条件下求解段观测时间(runtime_seconds),20.10601198,3.424763047,20.1060 ± 3.4248,,,,50,50,0.9580818483,3.326340241,50,0.96 ± 3.33,,纳入最终时间口径批次=3，整批墙钟合计=18914.641s：batch1[methods=ppo; models=all; scales=all; workers=4; 该方法完成数=60; 整批墙钟=172.543s; max_cells=60; concurrent_ppo=true]；batch2[methods=ppo; models=all; scales=all; workers=8; 该方法完成数=120; 整批墙钟=334.695s; max_cells=120; concurrent_ppo=true]；batch3[methods=ppo; models=all; scales=all; workers=8; 该方法完成数=5820; 整批墙钟=18407.403s; concurrent_ppo=true]；已排除superseded_for_timing历史批次=0，整批墙钟合计=0.000s：无,技术=0; 不可行=0; 缺失=0; 质量不完整=0,0,0,0,0,0,0,0,0
E1,PPO-Transformer (Train-S),ppo,Train-S,Test-1,C075-R025,"(0.75,0.25)",1241.977723,176.041929,1241.98 ± 176.04,8.027319509,2.074318351,8.027 ± 2.074,0.784571245,0.1182443153,0.7846 ± 0.1182,100,0,100,0,并发条件下求解段观测时间(runtime_seconds),20.36926305,3.061202469,20.3693 ± 3.0612,,,,50,50,0.9428601356,2.836607675,49,0.94 ± 2.84,,纳入最终时间口径批次=3，整批墙钟合计=18914.641s：batch1[methods=ppo; models=all; scales=all; workers=4; 该方法完成数=60; 整批墙钟=172.543s; max_cells=60; concurrent_ppo=true]；batch2[methods=ppo; models=all; scales=all; workers=8; 该方法完成数=120; 整批墙钟=334.695s; max_cells=120; concurrent_ppo=true]；batch3[methods=ppo; models=all; scales=all; workers=8; 该方法完成数=5820; 整批墙钟=18407.403s; concurrent_ppo=true]；已排除superseded_for_timing历史批次=0，整批墙钟合计=0.000s：无,技术=0; 不可行=0; 缺失=0; 质量不完整=0,0,0,0,0,0,0,0,0
E1,PPO-Transformer (Train-S),ppo,Train-S,Test-1,C050-R050,"(0.5,0.5)",1346.39028,197.8852523,1346.39 ± 197.89,7.031556281,2.214044769,7.032 ± 2.214,0.745031476,0.1086165006,0.7450 ± 0.1086,100,0,100,0,并发条件下求解段观测时间(runtime_seconds),20.39943586,3.010144157,20.3994 ± 3.0101,,,,50,50,4.062381973,6.698211872,26,4.06 ± 6.70,,纳入最终时间口径批次=3，整批墙钟合计=18914.641s：batch1[methods=ppo; models=all; scales=all; workers=4; 该方法完成数=60; 整批墙钟=172.543s; max_cells=60; concurrent_ppo=true]；batch2[methods=ppo; models=all; scales=all; workers=8; 该方法完成数=120; 整批墙钟=334.695s; max_cells=120; concurrent_ppo=true]；batch3[methods=ppo; models=all; scales=all; workers=8; 该方法完成数=5820; 整批墙钟=18407.403s; concurrent_ppo=true]；已排除superseded_for_timing历史批次=0，整批墙钟合计=0.000s：无,技术=0; 不可行=0; 缺失=0; 质量不完整=0,0,0,0,0,0,0,0,0
E1,PPO-Transformer (Train-S),ppo,Train-S,Test-1,C025-R075,"(0.25,0.75)",1917.789018,349.1775047,1917.79 ± 349.18,4.235451555,2.262132922,4.235 ± 2.262,0.579328892,0.1099225559,0.5793 ± 0.1099,100,0,100,0,并发条件下求解段观测时间(runtime_seconds),20.6255959,2.988304255,20.6256 ± 2.9883,,,,50,50,2.494200835,2.197976814,2,2.49 ± 2.20,,纳入最终时间口径批次=3，整批墙钟合计=18914.641s：batch1[methods=ppo; models=all; scales=all; workers=4; 该方法完成数=60; 整批墙钟=172.543s; max_cells=60; concurrent_ppo=true]；batch2[methods=ppo; models=all; scales=all; workers=8; 该方法完成数=120; 整批墙钟=334.695s; max_cells=120; concurrent_ppo=true]；batch3[methods=ppo; models=all; scales=all; workers=8; 该方法完成数=5820; 整批墙钟=18407.403s; concurrent_ppo=true]；已排除superseded_for_timing历史批次=0，整批墙钟合计=0.000s：无,技术=0; 不可行=0; 缺失=0; 质量不完整=0,0,0,0,0,0,0,0,0
E1,PPO-Transformer (Train-S),ppo,Train-S,Test-1,C000-R100,"(0,1)",2782.642668,474.7717079,2782.64 ± 474.77,2.667510592,1.354236959,2.668 ± 1.354,0.2298424507,0.09023482544,0.2298 ± 0.0902,100,0,100,0,并发条件下求解段观测时间(runtime_seconds),20.75291485,3.015722326,20.7529 ± 3.0157,,,,50,50,1.141974173,1.614995363,2,1.14 ± 1.61,,纳入最终时间口径批次=3，整批墙钟合计=18914.641s：batch1[methods=ppo; models=all; scales=all; workers=4; 该方法完成数=60; 整批墙钟=172.543s; max_cells=60; concurrent_ppo=true]；batch2[methods=ppo; models=all; scales=all; workers=8; 该方法完成数=120; 整批墙钟=334.695s; max_cells=120; concurrent_ppo=true]；batch3[methods=ppo; models=all; scales=all; workers=8; 该方法完成数=5820; 整批墙钟=18407.403s; concurrent_ppo=true]；已排除superseded_for_timing历史批次=0，整批墙钟合计=0.000s：无,技术=0; 不可行=0; 缺失=0; 质量不完整=0,0,0,0,0,0,0,0,0
E1,GA,ga,GA,Test-1,C100-R000,"(1,0)",1292.57008,170.3452391,1292.57 ± 170.35,10.45232115,3.2032822,10.452 ± 3.203,0.8390810414,0.1046591431,0.8391 ± 0.1047,100,0,100,0,并发条件下求解段观测时间(runtime_seconds),1.113972598,0.1051193221,1.1140 ± 0.1051,,,,50,50,6.230080495,10.1537631,50,6.23 ± 10.15,,"纳入最终时间口径批次=1，整批墙钟合计=1447.723s：batch4[methods=ga; models=GA; scales=Test-1,Test-2,Test-3,Test-4; workers=16; 该方法完成数=3000; 整批墙钟=1447.723s]；已排除superseded_for_timing历史批次=0，整批墙钟合计=0.000s：无",技术=0; 不可行=0; 缺失=0; 质量不完整=0,0,0,0,0,0,0,0,0
E1,GA,ga,GA,Test-1,C075-R025,"(0.75,0.25)",1304.541512,174.1163948,1304.54 ± 174.12,8.578816417,2.299194655,8.579 ± 2.299,0.8230500653,0.09342291236,0.8231 ± 0.0934,100,0,100,0,并发条件下求解段观测时间(runtime_seconds),1.147008007,0.07437138816,1.1470 ± 0.0744,,,,50,50,6.90840613,9.738513711,49,6.91 ± 9.74,,"纳入最终时间口径批次=1，整批墙钟合计=1447.723s：batch4[methods=ga; models=GA; scales=Test-1,Test-2,Test-3,Test-4; workers=16; 该方法完成数=3000; 整批墙钟=1447.723s]；已排除superseded_for_timing历史批次=0，整批墙钟合计=0.000s：无",技术=0; 不可行=0; 缺失=0; 质量不完整=0,0,0,0,0,0,0,0,0
E1,GA,ga,GA,Test-1,C050-R050,"(0.5,0.5)",1328.786416,174.1377339,1328.79 ± 174.14,8.296449292,2.217660351,8.296 ± 2.218,0.7949590805,0.09075100424,0.7950 ± 0.0908,100,0,100,0,并发条件下求解段观测时间(runtime_seconds),1.130957661,0.07175139436,1.1310 ± 0.0718,,,,50,50,12.67243206,15.67930544,26,12.67 ± 15.68,,"纳入最终时间口径批次=1，整批墙钟合计=1447.723s：batch4[methods=ga; models=GA; scales=Test-1,Test-2,Test-3,Test-4; workers=16; 该方法完成数=3000; 整批墙钟=1447.723s]；已排除superseded_for_timing历史批次=0，整批墙钟合计=0.000s：无",技术=0; 不可行=0; 缺失=0; 质量不完整=0,0,0,0,0,0,0,0,0
E1,GA,ga,GA,Test-1,C025-R075,"(0.25,0.75)",1394.666896,171.4853384,1394.67 ± 171.49,7.987536523,2.211807388,7.988 ± 2.212,0.7508151158,0.1024614838,0.7508 ± 0.1025,100,0,100,0,并发条件下求解段观测时间(runtime_seconds),1.146767619,0.07459166834,1.1468 ± 0.0746,,,,50,50,10.63242849,7.536750457,2,10.63 ± 7.54,,"纳入最终时间口径批次=1，整批墙钟合计=1447.723s：batch4[methods=ga; models=GA; scales=Test-1,Test-2,Test-3,Test-4; workers=16; 该方法完成数=3000; 整批墙钟=1447.723s]；已排除superseded_for_timing历史批次=0，整批墙钟合计=0.000s：无",技术=0; 不可行=0; 缺失=0; 质量不完整=0,0,0,0,0,0,0,0,0
E1,GA,ga,GA,Test-1,C000-R100,"(0,1)",1489.317746,212.3857973,1489.32 ± 212.39,7.913578927,2.193801038,7.914 ± 2.194,0.6933072209,0.1215576652,0.6933 ± 0.1216,100,0,100,0,并发条件下求解段观测时间(runtime_seconds),1.147035562,0.08498754398,1.1470 ± 0.0850,,,,50,50,113.4754632,42.7057032,2,113.48 ± 42.71,,"纳入最终时间口径批次=1，整批墙钟合计=1447.723s：batch4[methods=ga; models=GA; scales=Test-1,Test-2,Test-3,Test-4; workers=16; 该方法完成数=3000; 整批墙钟=1447.723s]；已排除superseded_for_timing历史批次=0，整批墙钟合计=0.000s：无",技术=0; 不可行=0; 缺失=0; 质量不完整=0,0,0,0,0,0,0,0,0
E1,启发式,heuristic,Heuristic,Test-1,C100-R000,"(1,0)",1561.16565,265.6352147,1561.17 ± 265.64,11.77588257,3.787906083,11.776 ± 3.788,1,0,1.0000 ± 0.0000,100,0,100,0,测试集锁定阶段初始解构造时间(initialization_seconds),,,,0.000151928009,1.892371115e-05,0.0002 ± 0.0000,50,50,28.80084927,21.68930564,50,28.80 ± 21.69,,,技术=0; 不可行=0; 缺失=0; 质量不完整=0,0,0,0,0,0,0,0,0
E1,启发式,heuristic,Heuristic,Test-1,C075-R025,"(0.75,0.25)",1561.16565,265.6352147,1561.17 ± 265.64,11.77588257,3.787906083,11.776 ± 3.788,1,0,1.0000 ± 0.0000,100,0,100,0,测试集锁定阶段初始解构造时间(initialization_seconds),,,,0.000151928009,1.892371115e-05,0.0002 ± 0.0000,50,50,32.09221163,21.18283675,49,32.09 ± 21.18,,,技术=0; 不可行=0; 缺失=0; 质量不完整=0,0,0,0,0,0,0,0,0
E1,启发式,heuristic,Heuristic,Test-1,C050-R050,"(0.5,0.5)",1561.16565,265.6352147,1561.17 ± 265.64,11.77588257,3.787906083,11.776 ± 3.788,1,0,1.0000 ± 0.0000,100,0,100,0,测试集锁定阶段初始解构造时间(initialization_seconds),,,,0.000151928009,1.892371115e-05,0.0002 ± 0.0000,50,50,42.64721635,27.14472019,26,42.65 ± 27.14,,,技术=0; 不可行=0; 缺失=0; 质量不完整=0,0,0,0,0,0,0,0,0
E1,启发式,heuristic,Heuristic,Test-1,C025-R075,"(0.25,0.75)",1561.16565,265.6352147,1561.17 ± 265.64,11.77588257,3.787906083,11.776 ± 3.788,1,0,1.0000 ± 0.0000,100,0,100,0,测试集锁定阶段初始解构造时间(initialization_seconds),,,,0.000151928009,1.892371115e-05,0.0002 ± 0.0000,50,50,40.10016906,14.81589061,2,40.10 ± 14.82,,,技术=0; 不可行=0; 缺失=0; 质量不完整=0,0,0,0,0,0,0,0,0
E1,启发式,heuristic,Heuristic,Test-1,C000-R100,"(0,1)",1561.16565,265.6352147,1561.17 ± 265.64,11.77588257,3.787906083,11.776 ± 3.788,1,0,1.0000 ± 0.0000,100,0,100,0,测试集锁定阶段初始解构造时间(initialization_seconds),,,,0.000151928009,1.892371115e-05,0.0002 ± 0.0000,50,50,210.2548188,136.4289507,2,210.25 ± 136.43,,,技术=0; 不可行=0; 缺失=0; 质量不完整=0,0,0,0,0,0,0,0,0
E1,MILP,milp,MILP,Test-1,C100-R000,"(1,0)",1222.754157,170.6424268,1222.75 ± 170.64,9.475783362,2.529519523,9.476 ± 2.530,0.7972241937,0.1278318004,0.7972 ± 0.1278,100,0,100,0,并发条件下求解段观测时间(runtime_seconds),15.4795726,11.83029429,15.4796 ± 11.8303,,,,50,50,,,0,—,optimal:n=50,纳入最终时间口径批次=1，整批墙钟合计=3651.461s：batch6[methods=milp; models=MILP; scales=Test-1; workers=8; 该方法完成数=250; 整批墙钟=3651.461s]；已排除superseded_for_timing历史批次=0，整批墙钟合计=0.000s：无,技术=0; 不可行=0; 缺失=0; 质量不完整=0,0,0,0,0,0,0,0,0
E1,MILP,milp,MILP,Test-1,C075-R025,"(0.75,0.25)",1243.777267,173.1573554,1243.78 ± 173.16,7.698220129,2.242861625,7.698 ± 2.243,0.7777445949,0.118140052,0.7777 ± 0.1181,100,0,100,0,并发条件下求解段观测时间(runtime_seconds),52.53973494,42.65012523,52.5397 ± 42.6501,,,,50,50,,,0,—,optimal:n=49; solver_status_1:n=1,纳入最终时间口径批次=1，整批墙钟合计=3651.461s：batch6[methods=milp; models=MILP; scales=Test-1; workers=8; 该方法完成数=250; 整批墙钟=3651.461s]；已排除superseded_for_timing历史批次=0，整批墙钟合计=0.000s：无,技术=0; 不可行=0; 缺失=0; 质量不完整=0,0,0,0,0,0,0,0,0
E1,MILP,milp,MILP,Test-1,C050-R050,"(0.5,0.5)",1443.436818,225.9320728,1443.44 ± 225.93,5.740618854,2.594985337,5.741 ± 2.595,0.7168968223,0.1206266239,0.7169 ± 0.1206,100,0,100,0,并发条件下求解段观测时间(runtime_seconds),129.4816162,60.25157713,129.4816 ± 60.2516,,,,50,50,,,0,—,optimal:n=26; solver_status_1:n=24,纳入最终时间口径批次=1，整批墙钟合计=3651.461s：batch6[methods=milp; models=MILP; scales=Test-1; workers=8; 该方法完成数=250; 整批墙钟=3651.461s]；已排除superseded_for_timing历史批次=0，整批墙钟合计=0.000s：无,技术=0; 不可行=0; 缺失=0; 质量不完整=0,0,0,0,0,0,0,0,0
E1,MILP,milp,MILP,Test-1,C025-R075,"(0.25,0.75)",2063.304986,413.599074,2063.30 ± 413.60,3.371123364,1.752973613,3.371 ± 1.753,0.554844761,0.1238716779,0.5548 ± 0.1239,100,0,100,0,并发条件下求解段观测时间(runtime_seconds),177.2508408,14.84803872,177.2508 ± 14.8480,,,,50,50,,,0,—,optimal:n=2; solver_status_1:n=48,纳入最终时间口径批次=1，整批墙钟合计=3651.461s：batch6[methods=milp; models=MILP; scales=Test-1; workers=8; 该方法完成数=250; 整批墙钟=3651.461s]；已排除superseded_for_timing历史批次=0，整批墙钟合计=0.000s：无,技术=0; 不可行=0; 缺失=0; 质量不完整=0,0,0,0,0,0,0,0,0
E1,MILP,milp,MILP,Test-1,C000-R100,"(0,1)",2839.967159,447.0564622,2839.97 ± 447.06,2.680519352,1.321735728,2.681 ± 1.322,0.2336066152,0.09642751992,0.2336 ± 0.0964,100,0,100,0,并发条件下求解段观测时间(runtime_seconds),177.9138341,14.94936357,177.9138 ± 14.9494,,,,50,50,,,0,—,optimal:n=2; solver_status_1:n=48,纳入最终时间口径批次=1，整批墙钟合计=3651.461s：batch6[methods=milp; models=MILP; scales=Test-1; workers=8; 该方法完成数=250; 整批墙钟=3651.461s]；已排除superseded_for_timing历史批次=0，整批墙钟合计=0.000s：无,技术=0; 不可行=0; 缺失=0; 质量不完整=0,0,0,0,0,0,0,0,0
E2,PPO-Transformer (Train-L),ppo,Train-L,Test-4,C100-R000,"(1,0)",11927.20584,890.7514702,11927.21 ± 890.75,859.48842,97.92768727,859.488 ± 97.928,0.6536495634,0.03337814043,0.6536 ± 0.0334,100,0,100,0,并发条件下求解段观测时间(runtime_seconds),36.3522321,1.915279939,36.3522 ± 1.9153,,,,50,50,,,0,—,,纳入最终时间口径批次=3，整批墙钟合计=18914.641s：batch1[methods=ppo; models=all; scales=all; workers=4; 该方法完成数=60; 整批墙钟=172.543s; max_cells=60; concurrent_ppo=true]；batch2[methods=ppo; models=all; scales=all; workers=8; 该方法完成数=120; 整批墙钟=334.695s; max_cells=120; concurrent_ppo=true]；batch3[methods=ppo; models=all; scales=all; workers=8; 该方法完成数=5820; 整批墙钟=18407.403s; concurrent_ppo=true]；已排除superseded_for_timing历史批次=0，整批墙钟合计=0.000s：无,技术=0; 不可行=0; 缺失=0; 质量不完整=0,0,0,0,0,0,0,0,0
E2,PPO-Transformer (Train-L),ppo,Train-L,Test-4,C075-R025,"(0.75,0.25)",12210.37259,876.426623,12210.37 ± 876.43,736.1730281,75.17990335,736.173 ± 75.180,0.6397690215,0.03464018209,0.6398 ± 0.0346,100,0,100,0,并发条件下求解段观测时间(runtime_seconds),36.29569529,1.500466258,36.2957 ± 1.5005,,,,50,50,,,0,—,,纳入最终时间口径批次=3，整批墙钟合计=18914.641s：batch1[methods=ppo; models=all; scales=all; workers=4; 该方法完成数=60; 整批墙钟=172.543s; max_cells=60; concurrent_ppo=true]；batch2[methods=ppo; models=all; scales=all; workers=8; 该方法完成数=120; 整批墙钟=334.695s; max_cells=120; concurrent_ppo=true]；batch3[methods=ppo; models=all; scales=all; workers=8; 该方法完成数=5820; 整批墙钟=18407.403s; concurrent_ppo=true]；已排除superseded_for_timing历史批次=0，整批墙钟合计=0.000s：无,技术=0; 不可行=0; 缺失=0; 质量不完整=0,0,0,0,0,0,0,0,0
E2,PPO-Transformer (Train-L),ppo,Train-L,Test-4,C050-R050,"(0.5,0.5)",13287.45918,999.8017314,13287.46 ± 999.80,647.0769857,54.56602544,647.077 ± 54.566,0.6064600094,0.03211944618,0.6065 ± 0.0321,100,0,100,0,并发条件下求解段观测时间(runtime_seconds),36.69208693,2.475729682,36.6921 ± 2.4757,,,,50,50,,,0,—,,纳入最终时间口径批次=3，整批墙钟合计=18914.641s：batch1[methods=ppo; models=all; scales=all; workers=4; 该方法完成数=60; 整批墙钟=172.543s; max_cells=60; concurrent_ppo=true]；batch2[methods=ppo; models=all; scales=all; workers=8; 该方法完成数=120; 整批墙钟=334.695s; max_cells=120; concurrent_ppo=true]；batch3[methods=ppo; models=all; scales=all; workers=8; 该方法完成数=5820; 整批墙钟=18407.403s; concurrent_ppo=true]；已排除superseded_for_timing历史批次=0，整批墙钟合计=0.000s：无,技术=0; 不可行=0; 缺失=0; 质量不完整=0,0,0,0,0,0,0,0,0
E2,PPO-Transformer (Train-L),ppo,Train-L,Test-4,C025-R075,"(0.25,0.75)",15608.96778,1116.269329,15608.97 ± 1116.27,568.108489,54.14490385,568.108 ± 54.145,0.5325839017,0.02929326729,0.5326 ± 0.0293,100,0,100,0,并发条件下求解段观测时间(runtime_seconds),37.09296702,2.641599154,37.0930 ± 2.6416,,,,50,50,,,0,—,,纳入最终时间口径批次=3，整批墙钟合计=18914.641s：batch1[methods=ppo; models=all; scales=all; workers=4; 该方法完成数=60; 整批墙钟=172.543s; max_cells=60; concurrent_ppo=true]；batch2[methods=ppo; models=all; scales=all; workers=8; 该方法完成数=120; 整批墙钟=334.695s; max_cells=120; concurrent_ppo=true]；batch3[methods=ppo; models=all; scales=all; workers=8; 该方法完成数=5820; 整批墙钟=18407.403s; concurrent_ppo=true]；已排除superseded_for_timing历史批次=0，整批墙钟合计=0.000s：无,技术=0; 不可行=0; 缺失=0; 质量不完整=0,0,0,0,0,0,0,0,0
E2,PPO-Transformer (Train-L),ppo,Train-L,Test-4,C000-R100,"(0,1)",24882.7235,1692.58041,24882.72 ± 1692.58,488.0224941,48.04118781,488.022 ± 48.041,0.3647547671,0.02396352256,0.3648 ± 0.0240,100,0,100,0,并发条件下求解段观测时间(runtime_seconds),38.09938388,2.955486275,38.0994 ± 2.9555,,,,50,50,,,0,—,,纳入最终时间口径批次=3，整批墙钟合计=18914.641s：batch1[methods=ppo; models=all; scales=all; workers=4; 该方法完成数=60; 整批墙钟=172.543s; max_cells=60; concurrent_ppo=true]；batch2[methods=ppo; models=all; scales=all; workers=8; 该方法完成数=120; 整批墙钟=334.695s; max_cells=120; concurrent_ppo=true]；batch3[methods=ppo; models=all; scales=all; workers=8; 该方法完成数=5820; 整批墙钟=18407.403s; concurrent_ppo=true]；已排除superseded_for_timing历史批次=0，整批墙钟合计=0.000s：无,技术=0; 不可行=0; 缺失=0; 质量不完整=0,0,0,0,0,0,0,0,0
E2,GA,ga,GA,Test-4,C100-R000,"(1,0)",14687.04641,940.9286008,14687.05 ± 940.93,1065.538742,134.2942614,1065.539 ± 134.294,0.8049723453,0.0289293046,0.8050 ± 0.0289,100,0,100,0,并发条件下求解段观测时间(runtime_seconds),18.80271423,1.102365765,18.8027 ± 1.1024,,,,50,50,,,0,—,,"纳入最终时间口径批次=1，整批墙钟合计=1447.723s：batch4[methods=ga; models=GA; scales=Test-1,Test-2,Test-3,Test-4; workers=16; 该方法完成数=3000; 整批墙钟=1447.723s]；已排除superseded_for_timing历史批次=0，整批墙钟合计=0.000s：无",技术=0; 不可行=0; 缺失=0; 质量不完整=0,0,0,0,0,0,0,0,0
E2,GA,ga,GA,Test-4,C075-R025,"(0.75,0.25)",14885.68571,1009.3867,14885.69 ± 1009.39,970.8677859,111.5257527,970.868 ± 111.526,0.7928194905,0.03069970833,0.7928 ± 0.0307,100,0,100,0,并发条件下求解段观测时间(runtime_seconds),18.8660591,1.15984527,18.8661 ± 1.1598,,,,50,50,,,0,—,,"纳入最终时间口径批次=1，整批墙钟合计=1447.723s：batch4[methods=ga; models=GA; scales=Test-1,Test-2,Test-3,Test-4; workers=16; 该方法完成数=3000; 整批墙钟=1447.723s]；已排除superseded_for_timing历史批次=0，整批墙钟合计=0.000s：无",技术=0; 不可行=0; 缺失=0; 质量不完整=0,0,0,0,0,0,0,0,0
E2,GA,ga,GA,Test-4,C050-R050,"(0.5,0.5)",15362.59591,1002.76923,15362.60 ± 1002.77,932.0254658,113.2924382,932.025 ± 113.292,0.7682976329,0.03353365317,0.7683 ± 0.0335,100,0,100,0,并发条件下求解段观测时间(runtime_seconds),18.98039371,1.273101134,18.9804 ± 1.2731,,,,50,50,,,0,—,,"纳入最终时间口径批次=1，整批墙钟合计=1447.723s：batch4[methods=ga; models=GA; scales=Test-1,Test-2,Test-3,Test-4; workers=16; 该方法完成数=3000; 整批墙钟=1447.723s]；已排除superseded_for_timing历史批次=0，整批墙钟合计=0.000s：无",技术=0; 不可行=0; 缺失=0; 质量不完整=0,0,0,0,0,0,0,0,0
E2,GA,ga,GA,Test-4,C025-R075,"(0.25,0.75)",16016.3877,1124.521872,16016.39 ± 1124.52,922.5508376,110.6278309,922.551 ± 110.628,0.7350443623,0.03553454669,0.7350 ± 0.0355,100,0,100,0,并发条件下求解段观测时间(runtime_seconds),18.85499431,1.356019547,18.8550 ± 1.3560,,,,50,50,,,0,—,,"纳入最终时间口径批次=1，整批墙钟合计=1447.723s：batch4[methods=ga; models=GA; scales=Test-1,Test-2,Test-3,Test-4; workers=16; 该方法完成数=3000; 整批墙钟=1447.723s]；已排除superseded_for_timing历史批次=0，整批墙钟合计=0.000s：无",技术=0; 不可行=0; 缺失=0; 质量不完整=0,0,0,0,0,0,0,0,0
E2,GA,ga,GA,Test-4,C000-R100,"(0,1)",16505.97265,1007.765116,16505.97 ± 1007.77,909.8351314,105.2727299,909.835 ± 105.273,0.6787223455,0.04419427677,0.6787 ± 0.0442,100,0,100,0,并发条件下求解段观测时间(runtime_seconds),18.91896663,1.327326541,18.9190 ± 1.3273,,,,50,50,,,0,—,,"纳入最终时间口径批次=1，整批墙钟合计=1447.723s：batch4[methods=ga; models=GA; scales=Test-1,Test-2,Test-3,Test-4; workers=16; 该方法完成数=3000; 整批墙钟=1447.723s]；已排除superseded_for_timing历史批次=0，整批墙钟合计=0.000s：无",技术=0; 不可行=0; 缺失=0; 质量不完整=0,0,0,0,0,0,0,0,0
E2,启发式,heuristic,Heuristic,Test-4,C100-R000,"(1,0)",18252.19013,1107.242793,18252.19 ± 1107.24,1347.125494,189.8697797,1347.125 ± 189.870,1,0,1.0000 ± 0.0000,100,0,100,0,测试集锁定阶段初始解构造时间(initialization_seconds),,,,0.01391365601,0.003501050338,0.0139 ± 0.0035,50,50,,,0,—,,,技术=0; 不可行=0; 缺失=0; 质量不完整=0,0,0,0,0,0,0,0,0
E2,启发式,heuristic,Heuristic,Test-4,C075-R025,"(0.75,0.25)",18252.19013,1107.242793,18252.19 ± 1107.24,1347.125494,189.8697797,1347.125 ± 189.870,1,0,1.0000 ± 0.0000,100,0,100,0,测试集锁定阶段初始解构造时间(initialization_seconds),,,,0.01391365601,0.003501050338,0.0139 ± 0.0035,50,50,,,0,—,,,技术=0; 不可行=0; 缺失=0; 质量不完整=0,0,0,0,0,0,0,0,0
E2,启发式,heuristic,Heuristic,Test-4,C050-R050,"(0.5,0.5)",18252.19013,1107.242793,18252.19 ± 1107.24,1347.125494,189.8697797,1347.125 ± 189.870,1,0,1.0000 ± 0.0000,100,0,100,0,测试集锁定阶段初始解构造时间(initialization_seconds),,,,0.01391365601,0.003501050338,0.0139 ± 0.0035,50,50,,,0,—,,,技术=0; 不可行=0; 缺失=0; 质量不完整=0,0,0,0,0,0,0,0,0
E2,启发式,heuristic,Heuristic,Test-4,C025-R075,"(0.25,0.75)",18252.19013,1107.242793,18252.19 ± 1107.24,1347.125494,189.8697797,1347.125 ± 189.870,1,0,1.0000 ± 0.0000,100,0,100,0,测试集锁定阶段初始解构造时间(initialization_seconds),,,,0.01391365601,0.003501050338,0.0139 ± 0.0035,50,50,,,0,—,,,技术=0; 不可行=0; 缺失=0; 质量不完整=0,0,0,0,0,0,0,0,0
E2,启发式,heuristic,Heuristic,Test-4,C000-R100,"(0,1)",18252.19013,1107.242793,18252.19 ± 1107.24,1347.125494,189.8697797,1347.125 ± 189.870,1,0,1.0000 ± 0.0000,100,0,100,0,测试集锁定阶段初始解构造时间(initialization_seconds),,,,0.01391365601,0.003501050338,0.0139 ± 0.0035,50,50,,,0,—,,,技术=0; 不可行=0; 缺失=0; 质量不完整=0,0,0,0,0,0,0,0,0
