experiment,method,method_id,model_id,test_scale,preference_id,preference,risk_mean,risk_sd,risk_n,risk_mean_sd,solver_status_scope,transport_risk_mean,transport_risk_sd,transport_risk_pct_share,transport_risk_mean_sd_share,coload_risk_mean,coload_risk_sd,coload_risk_pct_share,coload_risk_mean_sd_share,producer_inventory_risk_mean,producer_inventory_risk_sd,producer_inventory_risk_pct_share,producer_inventory_risk_mean_sd_share,facility_inventory_risk_mean,facility_inventory_risk_sd,facility_inventory_risk_pct_share,facility_inventory_risk_mean_sd_share
E1,PPO-Transformer (Train-S),ppo,Train-S,Test-1,C100-R000,"(1,0)",10.01673136,2.982144212,50,10.017 ± 2.982,,5.132098218,2.456490517,51.23525864,5.132 ± 2.456 (51.2%),0.2564019389,0.2719275447,2.559736602,0.256 ± 0.272 (2.6%),4.6282312,1.260434742,46.20500476,4.628 ± 1.260 (46.2%),0,0,0,0.000 ± 0.000 (0.0%)
E1,PPO-Transformer (Train-S),ppo,Train-S,Test-1,C075-R025,"(0.75,0.25)",8.027319509,2.074318351,50,8.027 ± 2.074,,3.288883762,1.44556208,40.97113312,3.289 ± 1.446 (41.0%),0.1346135402,0.1776501437,1.676942596,0.135 ± 0.178 (1.7%),4.603822207,1.256160542,57.35192428,4.604 ± 1.256 (57.4%),0,0,0,0.000 ± 0.000 (0.0%)
E1,PPO-Transformer (Train-S),ppo,Train-S,Test-1,C050-R050,"(0.5,0.5)",7.031556281,2.214044769,50,7.032 ± 2.214,,2.931482507,1.374423557,41.69037962,2.931 ± 1.374 (41.7%),0.1210588137,0.1375942943,1.721650355,0.121 ± 0.138 (1.7%),3.97901496,1.323032402,56.58797002,3.979 ± 1.323 (56.6%),0,0,0,0.000 ± 0.000 (0.0%)
E1,PPO-Transformer (Train-S),ppo,Train-S,Test-1,C025-R075,"(0.25,0.75)",4.235451555,2.262132922,50,4.235 ± 2.262,,2.720621647,1.363413508,64.23451223,2.721 ± 1.363 (64.2%),0.1074403878,0.08988104159,2.536692638,0.107 ± 0.090 (2.5%),1.40738952,1.096388912,33.22879513,1.407 ± 1.096 (33.2%),0,0,0,0.000 ± 0.000 (0.0%)
E1,PPO-Transformer (Train-S),ppo,Train-S,Test-1,C000-R100,"(0,1)",2.667510592,1.354236959,50,2.668 ± 1.354,,2.495935057,1.294241354,93.567953,2.496 ± 1.294 (93.6%),0.06337216175,0.05192466888,2.375704221,0.063 ± 0.052 (2.4%),0.1082033733,0.1895565932,4.056342781,0.108 ± 0.190 (4.1%),0,0,0,0.000 ± 0.000 (0.0%)
E1,GA,ga,GA,Test-1,C100-R000,"(1,0)",10.45232115,3.2032822,50,10.452 ± 3.203,,5.526840664,2.593584284,52.87668247,5.527 ± 2.594 (52.9%),0.2972492833,0.3139683318,2.843859073,0.297 ± 0.314 (2.8%),4.6282312,1.260434742,44.27945845,4.628 ± 1.260 (44.3%),0,0,0,0.000 ± 0.000 (0.0%)
E1,GA,ga,GA,Test-1,C075-R025,"(0.75,0.25)",8.578816417,2.299194655,50,8.579 ± 2.299,,3.755344478,1.523366725,43.77462223,3.755 ± 1.523 (43.8%),0.1952407382,0.2417842892,2.275847025,0.195 ± 0.242 (2.3%),4.6282312,1.260434742,53.94953074,4.628 ± 1.260 (53.9%),0,0,0,0.000 ± 0.000 (0.0%)
E1,GA,ga,GA,Test-1,C050-R050,"(0.5,0.5)",8.296449292,2.217660351,50,8.296 ± 2.218,,3.518439407,1.524824661,42.40897862,3.518 ± 1.525 (42.4%),0.1497786857,0.1757600052,1.805334793,0.150 ± 0.176 (1.8%),4.6282312,1.260434742,55.78568659,4.628 ± 1.260 (55.8%),0,0,0,0.000 ± 0.000 (0.0%)
E1,GA,ga,GA,Test-1,C025-R075,"(0.25,0.75)",7.987536523,2.211807388,50,7.988 ± 2.212,,3.234252626,1.563551913,40.49124053,3.234 ± 1.564 (40.5%),0.1250526971,0.1365769203,1.565597813,0.125 ± 0.137 (1.6%),4.6282312,1.260434742,57.94316166,4.628 ± 1.260 (57.9%),0,0,0,0.000 ± 0.000 (0.0%)
E1,GA,ga,GA,Test-1,C000-R100,"(0,1)",7.913578927,2.193801038,50,7.914 ± 2.194,,3.173203035,1.547606938,40.09820417,3.173 ± 1.548 (40.1%),0.112144692,0.1089755407,1.417117249,0.112 ± 0.109 (1.4%),4.6282312,1.260434742,58.48467858,4.628 ± 1.260 (58.5%),0,0,0,0.000 ± 0.000 (0.0%)
E1,启发式,heuristic,Heuristic,Test-1,C100-R000,"(1,0)",11.77588257,3.787906083,50,11.776 ± 3.788,,6.790835948,2.931021874,57.66732054,6.791 ± 2.931 (57.7%),0.3568154214,0.4266169395,3.030052476,0.357 ± 0.427 (3.0%),4.6282312,1.260434742,39.30262698,4.628 ± 1.260 (39.3%),0,0,0,0.000 ± 0.000 (0.0%)
E1,启发式,heuristic,Heuristic,Test-1,C075-R025,"(0.75,0.25)",11.77588257,3.787906083,50,11.776 ± 3.788,,6.790835948,2.931021874,57.66732054,6.791 ± 2.931 (57.7%),0.3568154214,0.4266169395,3.030052476,0.357 ± 0.427 (3.0%),4.6282312,1.260434742,39.30262698,4.628 ± 1.260 (39.3%),0,0,0,0.000 ± 0.000 (0.0%)
E1,启发式,heuristic,Heuristic,Test-1,C050-R050,"(0.5,0.5)",11.77588257,3.787906083,50,11.776 ± 3.788,,6.790835948,2.931021874,57.66732054,6.791 ± 2.931 (57.7%),0.3568154214,0.4266169395,3.030052476,0.357 ± 0.427 (3.0%),4.6282312,1.260434742,39.30262698,4.628 ± 1.260 (39.3%),0,0,0,0.000 ± 0.000 (0.0%)
E1,启发式,heuristic,Heuristic,Test-1,C025-R075,"(0.25,0.75)",11.77588257,3.787906083,50,11.776 ± 3.788,,6.790835948,2.931021874,57.66732054,6.791 ± 2.931 (57.7%),0.3568154214,0.4266169395,3.030052476,0.357 ± 0.427 (3.0%),4.6282312,1.260434742,39.30262698,4.628 ± 1.260 (39.3%),0,0,0,0.000 ± 0.000 (0.0%)
E1,启发式,heuristic,Heuristic,Test-1,C000-R100,"(0,1)",11.77588257,3.787906083,50,11.776 ± 3.788,,6.790835948,2.931021874,57.66732054,6.791 ± 2.931 (57.7%),0.3568154214,0.4266169395,3.030052476,0.357 ± 0.427 (3.0%),4.6282312,1.260434742,39.30262698,4.628 ± 1.260 (39.3%),0,0,0,0.000 ± 0.000 (0.0%)
E1,MILP,milp,MILP,Test-1,C100-R000,"(1,0)",9.475783362,2.529519523,50,9.476 ± 2.530,optimal:n=50,4.601055125,1.980448266,48.5559341,4.601 ± 1.980 (48.6%),0.2464970377,0.2861038519,2.601336779,0.246 ± 0.286 (2.6%),4.6282312,1.260434742,48.84272912,4.628 ± 1.260 (48.8%),0,0,0,0.000 ± 0.000 (0.0%)
E1,MILP,milp,MILP,Test-1,C075-R025,"(0.75,0.25)",7.698220129,2.242861625,50,7.698 ± 2.243,optimal:n=49; solver_status_1:n=1,3.102923923,1.491282529,40.30703034,3.103 ± 1.491 (40.3%),0.1229455261,0.1567566726,1.597064309,0.123 ± 0.157 (1.6%),4.47235068,1.405076045,58.09590535,4.472 ± 1.405 (58.1%),0,0,0,0.000 ± 0.000 (0.0%)
E1,MILP,milp,MILP,Test-1,C050-R050,"(0.5,0.5)",5.740618854,2.594985337,50,5.741 ± 2.595,optimal:n=26; solver_status_1:n=24,2.920662712,1.429583983,50.87714037,2.921 ± 1.430 (50.9%),0.1480601215,0.1404878468,2.579166555,0.148 ± 0.140 (2.6%),2.67189602,1.631932333,46.54369308,2.672 ± 1.632 (46.5%),0,0,0,0.000 ± 0.000 (0.0%)
E1,MILP,milp,MILP,Test-1,C025-R075,"(0.25,0.75)",3.371123364,1.752973613,50,3.371 ± 1.753,optimal:n=2; solver_status_1:n=48,2.770225897,1.415180307,82.17515639,2.770 ± 1.415 (82.2%),0.1216838677,0.1170666558,3.609594029,0.122 ± 0.117 (3.6%),0.4792136,0.6062530697,14.21524958,0.479 ± 0.606 (14.2%),0,0,0,0.000 ± 0.000 (0.0%)
E1,MILP,milp,MILP,Test-1,C000-R100,"(0,1)",2.680519352,1.321735728,50,2.681 ± 1.322,optimal:n=2; solver_status_1:n=48,2.605205249,1.324481191,97.19031676,2.605 ± 1.324 (97.2%),0.06062856287,0.05875408217,2.261821495,0.061 ± 0.059 (2.3%),0.01468554,0.074027637,0.5478617415,0.015 ± 0.074 (0.5%),0,0,0,0.000 ± 0.000 (0.0%)
E2,PPO-Transformer (Train-L),ppo,Train-L,Test-4,C100-R000,"(1,0)",859.48842,97.92768727,50,859.488 ± 97.928,,392.3798038,83.2542268,45.65271558,392.380 ± 83.254 (45.7%),111.2491085,32.29877799,12.94364251,111.249 ± 32.299 (12.9%),355.8595077,17.86381689,41.40364191,355.860 ± 17.864 (41.4%),0,0,0,0.000 ± 0.000 (0.0%)
E2,PPO-Transformer (Train-L),ppo,Train-L,Test-4,C075-R025,"(0.75,0.25)",736.1730281,75.17990335,50,736.173 ± 75.180,,300.3845346,62.4334989,40.80352351,300.385 ± 62.433 (40.8%),81.04217848,24.09730704,11.00857752,81.042 ± 24.097 (11.0%),354.746315,17.81106122,48.18789897,354.746 ± 17.811 (48.2%),0,0,0,0.000 ± 0.000 (0.0%)
E2,PPO-Transformer (Train-L),ppo,Train-L,Test-4,C050-R050,"(0.5,0.5)",647.0769857,54.56602544,50,647.077 ± 54.566,,240.8101673,47.31948851,37.21507218,240.810 ± 47.319 (37.2%),56.41077828,16.6672849,8.717784672,56.411 ± 16.667 (8.7%),349.8560402,18.06408129,54.06714315,349.856 ± 18.064 (54.1%),0,0,0,0.000 ± 0.000 (0.0%)
E2,PPO-Transformer (Train-L),ppo,Train-L,Test-4,C025-R075,"(0.25,0.75)",568.108489,54.14490385,50,568.108 ± 54.145,,203.5983051,41.01714307,35.83792692,203.598 ± 41.017 (35.8%),42.49627768,13.27319382,7.480310275,42.496 ± 13.273 (7.5%),322.0139062,18.25423253,56.68176281,322.014 ± 18.254 (56.7%),0,0,0,0.000 ± 0.000 (0.0%)
E2,PPO-Transformer (Train-L),ppo,Train-L,Test-4,C000-R100,"(0,1)",488.0224941,48.04118781,50,488.022 ± 48.041,,201.021265,34.96552275,41.1909835,201.021 ± 34.966 (41.2%),38.58742962,12.38707775,7.906895704,38.587 ± 12.387 (7.9%),248.4137994,14.69501481,50.90212079,248.414 ± 14.695 (50.9%),0,0,0,0.000 ± 0.000 (0.0%)
E2,GA,ga,GA,Test-4,C100-R000,"(1,0)",1065.538742,134.2942614,50,1065.539 ± 134.294,,558.9688802,112.3223397,52.45880398,558.969 ± 112.322 (52.5%),150.3723543,48.93199971,14.112331,150.372 ± 48.932 (14.1%),356.1975079,17.83559413,33.42886502,356.198 ± 17.836 (33.4%),0,0,0,0.000 ± 0.000 (0.0%)
E2,GA,ga,GA,Test-4,C075-R025,"(0.75,0.25)",970.8677859,111.5257527,50,970.868 ± 111.526,,488.8197841,91.04292304,50.34874894,488.820 ± 91.043 (50.3%),125.8504939,43.16871027,12.96268099,125.850 ± 43.169 (13.0%),356.1975079,17.83559413,36.68857007,356.198 ± 17.836 (36.7%),0,0,0,0.000 ± 0.000 (0.0%)
E2,GA,ga,GA,Test-4,C050-R050,"(0.5,0.5)",932.0254658,113.2924382,50,932.025 ± 113.292,,460.9839778,92.90864897,49.46044874,460.984 ± 92.909 (49.5%),114.8439801,41.7715563,12.32197878,114.844 ± 41.772 (12.3%),356.1975079,17.83559413,38.21757248,356.198 ± 17.836 (38.2%),0,0,0,0.000 ± 0.000 (0.0%)
E2,GA,ga,GA,Test-4,C025-R075,"(0.25,0.75)",922.5508376,110.6278309,50,922.551 ± 110.628,,455.4744162,90.67257729,49.37119968,455.474 ± 90.673 (49.4%),110.8789134,40.69420521,12.01873208,110.879 ± 40.694 (12.0%),356.1975079,17.83559413,38.61006824,356.198 ± 17.836 (38.6%),0,0,0,0.000 ± 0.000 (0.0%)
E2,GA,ga,GA,Test-4,C000-R100,"(0,1)",909.8351314,105.2727299,50,909.835 ± 105.273,,448.6720874,88.70756985,49.31355934,448.672 ± 88.708 (49.3%),104.9655361,38.70817488,11.53676446,104.966 ± 38.708 (11.5%),356.1975079,17.83559413,39.1496762,356.198 ± 17.836 (39.1%),0,0,0,0.000 ± 0.000 (0.0%)
E2,启发式,heuristic,Heuristic,Test-4,C100-R000,"(1,0)",1347.125494,189.8697797,50,1347.125 ± 189.870,,781.1933705,156.7135724,57.98965087,781.193 ± 156.714 (58.0%),209.7346152,72.73161162,15.56904803,209.735 ± 72.732 (15.6%),356.1975079,17.83559413,26.4413011,356.198 ± 17.836 (26.4%),0,0,0,0.000 ± 0.000 (0.0%)
E2,启发式,heuristic,Heuristic,Test-4,C075-R025,"(0.75,0.25)",1347.125494,189.8697797,50,1347.125 ± 189.870,,781.1933705,156.7135724,57.98965087,781.193 ± 156.714 (58.0%),209.7346152,72.73161162,15.56904803,209.735 ± 72.732 (15.6%),356.1975079,17.83559413,26.4413011,356.198 ± 17.836 (26.4%),0,0,0,0.000 ± 0.000 (0.0%)
E2,启发式,heuristic,Heuristic,Test-4,C050-R050,"(0.5,0.5)",1347.125494,189.8697797,50,1347.125 ± 189.870,,781.1933705,156.7135724,57.98965087,781.193 ± 156.714 (58.0%),209.7346152,72.73161162,15.56904803,209.735 ± 72.732 (15.6%),356.1975079,17.83559413,26.4413011,356.198 ± 17.836 (26.4%),0,0,0,0.000 ± 0.000 (0.0%)
E2,启发式,heuristic,Heuristic,Test-4,C025-R075,"(0.25,0.75)",1347.125494,189.8697797,50,1347.125 ± 189.870,,781.1933705,156.7135724,57.98965087,781.193 ± 156.714 (58.0%),209.7346152,72.73161162,15.56904803,209.735 ± 72.732 (15.6%),356.1975079,17.83559413,26.4413011,356.198 ± 17.836 (26.4%),0,0,0,0.000 ± 0.000 (0.0%)
E2,启发式,heuristic,Heuristic,Test-4,C000-R100,"(0,1)",1347.125494,189.8697797,50,1347.125 ± 189.870,,781.1933705,156.7135724,57.98965087,781.193 ± 156.714 (58.0%),209.7346152,72.73161162,15.56904803,209.735 ± 72.732 (15.6%),356.1975079,17.83559413,26.4413011,356.198 ± 17.836 (26.4%),0,0,0,0.000 ± 0.000 (0.0%)
