archive_id,instance,model,algorithm,repeat,budget,run_origin,execution_workers,execution_workers_scope,seconds,points,status,strict_feasible_points,terminal_clear_points,preparation_seconds,candidate_attempts,candidate_objective_evaluations,cache_hits,invalid_candidates,operator_failures,invalid_candidate_attempts,ppo_internal_objective_evaluations,return_validation_evaluations,preference_initialization_evaluations,objective_evaluations_total_excluding_preparation
NSGA-Test-1-r0-B40320,Test-1,,NSGA,0,40320,v4_reused,16,historical_batch,21.046438100049272,16,success,16,16,0.0003003999590873718,40320,3291,37029,1313,1956,1956,0,0,0,3291
PPO-Test-1-small-r0-B40320,Test-1,small,PPO,0,40320,v9_new,1/3,per_entry_configuration_not_global_peak,30.54144849999284,17,success,17,17,0.00035599998955149204,27461,4554,12756,186,10151,576,0,21,21,4596
PPO-Test-1-large-r0-B40320,Test-1,large,PPO,0,40320,v9_new,1/3,per_entry_configuration_not_global_peak,26.69797560000734,16,success,16,16,0.00035539999953471124,24086,3603,14262,206,6221,1424,0,21,21,3645
NSGA-Test-1-r1-B40320,Test-1,,NSGA,1,40320,v4_reused,16,historical_batch,21.70869910006877,16,success,16,16,0.0002997999545186758,40320,3988,36332,1200,1491,1491,0,0,0,3988
PPO-Test-1-small-r1-B40320,Test-1,small,PPO,1,40320,v9_new,1/3,per_entry_configuration_not_global_peak,32.151937100003124,21,success,21,21,0.00035770000249613076,28784,5054,13045,293,10685,720,0,21,21,5096
PPO-Test-1-large-r1-B40320,Test-1,large,PPO,1,40320,v9_new,1/3,per_entry_configuration_not_global_peak,26.515717400005087,20,success,20,20,0.00034869999217335135,24150,3574,14229,225,6347,1323,0,21,21,3616
NSGA-Test-1-r2-B40320,Test-1,,NSGA,2,40320,v4_reused,16,historical_batch,21.278536399942823,18,success,18,18,0.0003066000062972307,40320,3646,36674,1581,3386,3386,0,0,0,3646
PPO-Test-1-small-r2-B40320,Test-1,small,PPO,2,40320,v9_new,1/3,per_entry_configuration_not_global_peak,29.65879159999895,20,success,20,20,0.0003558000025805086,26959,4545,12797,156,9617,634,0,21,21,4587
PPO-Test-1-large-r2-B40320,Test-1,large,PPO,2,40320,v9_new,1/3,per_entry_configuration_not_global_peak,26.774491600008332,21,success,21,21,0.0004017000028397888,24225,3558,14182,197,6485,1504,0,21,21,3600
NSGA-Test-2-r0-B40320,Test-2,,NSGA,0,40320,v4_reused,16,historical_batch,81.89341000001878,93,success,93,93,0.0007616999791935086,40320,26665,13655,6183,6545,6545,0,0,0,26665
PPO-Test-2-small-r0-B40320,Test-2,small,PPO,0,40320,v9_new,1/3,per_entry_configuration_not_global_peak,70.35033760000078,106,success,106,106,0.000890600000275299,39791,22674,6700,2241,10417,3673,0,21,21,22716
PPO-Test-2-large-r0-B40320,Test-2,large,PPO,0,40320,v9_new,1/3,per_entry_configuration_not_global_peak,71.19671910000034,86,success,86,86,0.0008416999917244539,38979,25153,8438,1657,5388,2116,0,21,21,25195
NSGA-Test-2-r1-B40320,Test-2,,NSGA,1,40320,v4_reused,16,historical_batch,74.4781569999177,87,success,87,87,0.0007467999821528792,40320,21131,19189,4814,5708,5708,0,0,0,21131
PPO-Test-2-small-r1-B40320,Test-2,small,PPO,1,40320,v9_new,1/3,per_entry_configuration_not_global_peak,70.31312670001353,93,success,93,93,0.0008465999999316409,39881,22841,6328,2270,10712,3582,0,21,21,22883
PPO-Test-2-large-r1-B40320,Test-2,large,PPO,1,40320,v9_new,1/3,per_entry_configuration_not_global_peak,72.74188469999353,103,success,103,103,0.0008751999994274229,39546,25421,9049,1855,5076,2367,0,21,21,25463
NSGA-Test-2-r2-B40320,Test-2,,NSGA,2,40320,v4_reused,16,historical_batch,75.3354216000298,52,success,52,52,0.0007461999775841832,40320,20808,19512,3289,3587,3587,0,0,0,20808
PPO-Test-2-small-r2-B40320,Test-2,small,PPO,2,40320,v9_new,1/3,per_entry_configuration_not_global_peak,70.60407599998871,86,success,86,86,0.0008662000036565587,40166,23032,6823,2070,10311,3474,0,21,21,23074
PPO-Test-2-large-r2-B40320,Test-2,large,PPO,2,40320,v9_new,1/3,per_entry_configuration_not_global_peak,73.97085069998866,99,success,99,99,0.0009131999977398664,39853,26856,7784,1424,5213,1751,0,21,21,26898
NSGA-Test-3-r0-B40320,Test-3,,NSGA,0,40320,v4_reused,16,historical_batch,214.41668889997527,63,success,63,63,0.0037007000064477324,40320,18502,21818,6974,8400,8400,0,0,0,18502
PPO-Test-3-small-r0-B40320,Test-3,small,PPO,0,40320,v9_new,1/3,per_entry_configuration_not_global_peak,149.41067810000095,78,success,78,78,0.0025377999991178513,40320,35749,2586,11000,1985,12146,0,21,21,35791
PPO-Test-3-large-r0-B40320,Test-3,large,PPO,0,40320,v9_new,1/3,per_entry_configuration_not_global_peak,144.47520629999053,40,success,40,40,0.002284200003487058,40320,35207,1609,6830,3504,6859,0,21,21,35249
NSGA-Test-3-r1-B40320,Test-3,,NSGA,1,40320,v4_reused,16,historical_batch,223.27317339996807,80,success,80,80,0.004546299926005304,40320,22829,17491,10853,13162,13162,0,0,0,22829
PPO-Test-3-small-r1-B40320,Test-3,small,PPO,1,40320,v9_new,1/3,per_entry_configuration_not_global_peak,149.08973009999318,31,success,31,31,0.002410300003248267,40320,35665,2649,10944,2006,12094,0,21,21,35707
PPO-Test-3-large-r1-B40320,Test-3,large,PPO,1,40320,v9_new,1/3,per_entry_configuration_not_global_peak,144.32405590001144,69,success,69,69,0.002482099996996112,40320,35119,1804,6428,3397,6466,0,21,21,35161
NSGA-Test-3-r2-B40320,Test-3,,NSGA,2,40320,v4_reused,16,historical_batch,200.1523910999531,88,success,88,88,0.0036492999643087387,40320,16778,23542,7962,9971,9971,0,0,0,16778
PPO-Test-3-small-r2-B40320,Test-3,small,PPO,2,40320,v9_new,1/3,per_entry_configuration_not_global_peak,149.79605119999906,44,success,44,44,0.0025808999926084653,40320,35818,2639,10706,1863,11886,0,21,21,35860
PPO-Test-3-large-r2-B40320,Test-3,large,PPO,2,40320,v9_new,1/3,per_entry_configuration_not_global_peak,143.34752789999766,51,success,51,51,0.002658600002177991,40320,34954,1879,7018,3487,7061,0,21,21,34996
NSGA-Test-4-r0-B40320,Test-4,,NSGA,0,40320,v4_reused,16,historical_batch,1212.4954690999584,70,success,70,70,0.021096199983730912,40320,25628,14692,3075,3213,3213,0,0,0,25628
NSGA-Test-4-r0-B120960,Test-4,,NSGA,0,120960,v4_reused,16,historical_batch,3399.6796694999794,130,success,130,130,0.021096199983730912,120960,75472,45488,10215,10559,10559,0,0,0,75472
PPO-Test-4-small-r0-B40320,Test-4,small,PPO,0,40320,v9_new,1/3,per_entry_configuration_not_global_peak,534.0389051000093,59,success,59,59,0.013013900010264479,40320,28302,572,4955,11446,5181,0,21,21,28344
PPO-Test-4-large-r0-B40320,Test-4,large,PPO,0,40320,v9_new,1/3,per_entry_configuration_not_global_peak,616.6282304999913,23,success,23,23,0.013013299991143867,40320,38549,28,2654,1743,2654,0,21,21,38591
NSGA-Test-4-r1-B40320,Test-4,,NSGA,1,40320,v4_reused,16,historical_batch,1225.9640961000696,19,success,19,19,0.022881500073708594,40320,25909,14411,3513,3629,3629,0,0,0,25909
NSGA-Test-4-r1-B120960,Test-4,,NSGA,1,120960,v4_reused,16,historical_batch,3227.491094200057,120,success,120,120,0.022881500073708594,120960,59884,61076,13869,16809,16809,0,0,0,59884
PPO-Test-4-small-r1-B40320,Test-4,small,PPO,1,40320,v9_new,1/3,per_entry_configuration_not_global_peak,537.8672264000052,25,success,25,25,0.012983100008568726,40320,28463,545,5208,11312,5426,0,21,21,28505
PPO-Test-4-large-r1-B40320,Test-4,large,PPO,1,40320,v9_new,1/3,per_entry_configuration_not_global_peak,612.2778171999962,23,success,23,23,0.012589700010721572,40320,38439,25,2565,1856,2565,0,21,21,38481
NSGA-Test-4-r2-B40320,Test-4,,NSGA,2,40320,v4_reused,16,historical_batch,1228.7877283999696,63,success,63,63,0.014663100009784102,40320,26864,13456,3593,3699,3699,0,0,0,26864
NSGA-Test-4-r2-B120960,Test-4,,NSGA,2,120960,v4_reused,16,historical_batch,3436.10218539997,134,success,134,134,0.014663100009784102,120960,75035,45925,10908,11199,11199,0,0,0,75035
PPO-Test-4-small-r2-B40320,Test-4,small,PPO,2,40320,v9_new,1/3,per_entry_configuration_not_global_peak,531.1040906000126,47,success,47,47,0.012856100001954474,40320,28048,622,4986,11650,5207,0,21,21,28090
PPO-Test-4-large-r2-B40320,Test-4,large,PPO,2,40320,v9_new,1/3,per_entry_configuration_not_global_peak,615.4087085000065,39,success,39,39,0.0126528000109829,40320,38635,30,2587,1655,2587,0,21,21,38677
PPO-capacity-70-large-r0-B40320,capacity-70,large,PPO,0,40320,v9_new,1/3,per_entry_configuration_not_global_peak,616.9221686999954,46,success,46,46,0.012280199996894225,40320,38497,51,5593,1772,5594,0,21,21,38539
PPO-capacity-70-large-r1-B40320,capacity-70,large,PPO,1,40320,v9_new,1/3,per_entry_configuration_not_global_peak,615.5767613999924,35,success,35,35,0.012463100007153116,40320,38565,38,5608,1717,5608,0,21,21,38607
PPO-capacity-70-large-r2-B40320,capacity-70,large,PPO,2,40320,v9_new,1/3,per_entry_configuration_not_global_peak,618.6582372999983,53,success,53,53,0.0129538000037428,40320,38517,55,5541,1748,5541,0,21,21,38559
PPO-capacity-80-large-r0-B40320,capacity-80,large,PPO,0,40320,v9_new,1/3,per_entry_configuration_not_global_peak,832.0711969999975,37,success,37,37,0.01218759999028407,40320,38654,37,4272,1629,4273,0,21,21,38696
PPO-capacity-80-large-r1-B40320,capacity-80,large,PPO,1,40320,v9_new,1/3,per_entry_configuration_not_global_peak,855.1317315000051,45,success,45,45,0.013031199996476062,40320,38732,33,4361,1555,4361,0,21,21,38774
PPO-capacity-80-large-r2-B40320,capacity-80,large,PPO,2,40320,v9_new,1/3,per_entry_configuration_not_global_peak,888.2619133000117,61,success,61,61,0.012681300009717233,40320,38734,34,4079,1552,4079,0,21,21,38776
PPO-capacity-120-large-r0-B40320,capacity-120,large,PPO,0,40320,v9_new,1/3,per_entry_configuration_not_global_peak,685.8985933000076,38,success,38,38,0.014945900009479374,40320,38587,20,1891,1713,1891,0,21,21,38629
PPO-capacity-120-large-r1-B40320,capacity-120,large,PPO,1,40320,v9_new,1/3,per_entry_configuration_not_global_peak,654.9699244999938,49,success,49,49,0.018381899993983097,40320,38621,15,1964,1684,1964,0,21,21,38663
PPO-capacity-120-large-r2-B40320,capacity-120,large,PPO,2,40320,v9_new,1/3,per_entry_configuration_not_global_peak,622.6621176000044,30,success,30,30,0.01957099999708589,40320,38616,14,1903,1690,1903,0,21,21,38658
PPO-capacity-130-large-r0-B40320,capacity-130,large,PPO,0,40320,v9_new,1/3,per_entry_configuration_not_global_peak,602.2610678999918,48,success,48,48,0.012688699993304908,40320,38585,17,1645,1718,1645,0,21,21,38627
PPO-capacity-130-large-r1-B40320,capacity-130,large,PPO,1,40320,v9_new,1/3,per_entry_configuration_not_global_peak,596.7846210999996,33,success,33,33,0.01204180000058841,40320,38562,17,1676,1741,1676,0,21,21,38604
PPO-capacity-130-large-r2-B40320,capacity-130,large,PPO,2,40320,v9_new,1/3,per_entry_configuration_not_global_peak,598.8272107999946,26,success,26,26,0.012628600001335144,40320,38558,23,1668,1739,1668,0,21,21,38600
PPO-coload-70-large-r0-B40320,coload-70,large,PPO,0,40320,v9_new,1/3,per_entry_configuration_not_global_peak,882.7854946000007,30,success,30,30,0.021282400004565716,40320,38584,24,2615,1712,2615,0,21,21,38626
PPO-coload-70-large-r1-B40320,coload-70,large,PPO,1,40320,v9_new,1/3,per_entry_configuration_not_global_peak,877.2301360999991,41,success,41,41,0.020522100006928667,40320,38588,20,2586,1712,2586,0,21,21,38630
PPO-coload-70-large-r2-B40320,coload-70,large,PPO,2,40320,v9_new,1/3,per_entry_configuration_not_global_peak,884.4056070000079,36,success,36,36,0.020661499991547316,40320,38673,30,2595,1617,2595,0,21,21,38715
PPO-coload-80-large-r0-B40320,coload-80,large,PPO,0,40320,v9_new,1/3,per_entry_configuration_not_global_peak,882.973410000006,34,success,34,34,0.021726299994043075,40320,38581,26,2529,1713,2529,0,21,21,38623
PPO-coload-80-large-r1-B40320,coload-80,large,PPO,1,40320,v9_new,1/3,per_entry_configuration_not_global_peak,885.524711799997,39,success,39,39,0.012010100006591529,40320,38619,19,2757,1682,2758,0,21,21,38661
PPO-coload-80-large-r2-B40320,coload-80,large,PPO,2,40320,v9_new,1/3,per_entry_configuration_not_global_peak,885.5816940000077,50,success,50,50,0.012282900002901442,40320,38607,31,2413,1682,2413,0,21,21,38649
PPO-coload-120-large-r0-B40320,coload-120,large,PPO,0,40320,v9_new,1/3,per_entry_configuration_not_global_peak,880.792528799997,35,success,35,35,0.012250900006620213,40320,38655,27,2581,1638,2581,0,21,21,38697
PPO-coload-120-large-r1-B40320,coload-120,large,PPO,1,40320,v9_new,1/3,per_entry_configuration_not_global_peak,878.8938880999922,15,success,15,15,0.02124760000151582,40320,38543,25,2718,1752,2718,0,21,21,38585
PPO-coload-120-large-r2-B40320,coload-120,large,PPO,2,40320,v9_new,1/3,per_entry_configuration_not_global_peak,879.8040599000087,33,success,33,33,0.012242199998581782,40320,38632,30,2709,1658,2709,0,21,21,38674
PPO-coload-130-large-r0-B40320,coload-130,large,PPO,0,40320,v9_new,1/3,per_entry_configuration_not_global_peak,882.5182169999898,29,success,29,29,0.013452500003040768,40320,38598,24,2600,1698,2601,0,21,21,38640
PPO-coload-130-large-r1-B40320,coload-130,large,PPO,1,40320,v9_new,1/3,per_entry_configuration_not_global_peak,880.0370390000026,22,success,22,22,0.012785500002792105,40320,38659,23,2607,1638,2607,0,21,21,38701
PPO-coload-130-large-r2-B40320,coload-130,large,PPO,2,40320,v9_new,1/3,per_entry_configuration_not_global_peak,878.8140482999879,34,success,34,34,0.012916199993924238,40320,38533,31,2785,1756,2786,0,21,21,38575
