method,model_id,instance_index,preference_id,weighted_objective_normalized,milp_j,milp_status,gap_percent
ga,GA,0,C000-R100,0.8401780755628229,0.4478660206239858,solver_status_1,
ga,GA,0,C025-R075,0.8748548477689564,0.8409941226443387,solver_status_1,
ga,GA,0,C050-R050,0.909215549479024,0.9092155494790213,optimal,3.052694779750831e-13
ga,GA,0,C075-R025,0.9435762511890915,0.9435762511890918,optimal,-3.529835632974199e-14
ga,GA,0,C100-R000,0.9779369528991592,0.9779369528991625,optimal,-3.4058116568777446e-13
ga,GA,1,C000-R100,0.5410798437158976,0.1636745394573036,solver_status_1,
ga,GA,1,C025-R075,0.6073536457563554,0.3929297075518292,solver_status_1,
ga,GA,1,C050-R050,0.634190089661355,0.5061366373994585,optimal,25.300174458786095
ga,GA,1,C075-R025,0.6718627187413428,0.6053816082740378,optimal,10.98168651949055
ga,GA,1,C100-R000,0.696362640267008,0.6621958048114768,optimal,5.159627289583679
ga,GA,2,C000-R100,0.757350027715832,0.22883990995757691,solver_status_1,
ga,GA,2,C025-R075,0.786257827727166,0.5806954197316272,solver_status_1,
ga,GA,2,C050-R050,0.8066597399570097,0.7919165104733533,solver_status_1,
ga,GA,2,C075-R025,0.8031800591973374,0.8031800591973226,optimal,1.8384378519396145e-12
ga,GA,2,C100-R000,0.8024026247557199,0.7997003784376648,optimal,0.3379073451652344
ga,GA,3,C000-R100,0.8772303650136956,0.4785564761112981,solver_status_1,
ga,GA,3,C025-R075,0.8987073053022603,0.755170314489033,solver_status_1,
ga,GA,3,C050-R050,0.8805801199287959,0.8567900430938901,solver_status_1,
ga,GA,3,C075-R025,0.8276141761145187,0.8221229769807029,optimal,0.6679291648048276
ga,GA,3,C100-R000,0.7746360171973529,0.7746360171973533,optimal,-5.73287582801514e-14
ga,GA,4,C000-R100,0.793325228706006,0.26893447190889724,solver_status_1,
ga,GA,4,C025-R075,0.8090138252251654,0.6154679405224412,solver_status_1,
ga,GA,4,C050-R050,0.8558225272325101,0.7854933074933312,optimal,8.95350973308909
ga,GA,4,C075-R025,0.8907222805278622,0.8406764091142084,optimal,5.953048149214203
ga,GA,4,C100-R000,0.8843156201407835,0.8790770750200808,optimal,0.595914200194902
ga,GA,5,C000-R100,0.6213196295549612,0.12478032384457328,solver_status_1,
ga,GA,5,C025-R075,0.7046088897510826,0.5019014382341055,solver_status_1,
ga,GA,5,C050-R050,0.7742125827575196,0.693535019818866,optimal,11.63280305004995
ga,GA,5,C075-R025,0.8386878067899609,0.8386878067899609,optimal,0.0
ga,GA,5,C100-R000,0.8633501713932511,0.8633501713932467,optimal,5.143790139444876e-13
ga,GA,6,C000-R100,0.5694536810587912,0.1247627450631328,solver_status_1,
ga,GA,6,C025-R075,0.6228088308454137,0.48518542909078033,solver_status_1,
ga,GA,6,C050-R050,0.662418058073138,0.6569876456931518,solver_status_1,
ga,GA,6,C075-R025,0.699062652143553,0.6976570081228661,optimal,0.20148067092007607
ga,GA,6,C100-R000,0.7422429495771959,0.7349799890201427,optimal,0.988184803063281
ga,GA,7,C000-R100,0.8821536149729529,0.33219112864247474,solver_status_1,
ga,GA,7,C025-R075,0.8963012745082669,0.6288948045822522,solver_status_1,
ga,GA,7,C050-R050,0.9246223544045754,0.8275137018259521,solver_status_1,
ga,GA,7,C075-R025,0.9188823427864671,0.8906859306723127,optimal,3.165696363124427
ga,GA,7,C100-R000,0.8588747291070767,0.8588747291070759,optimal,1.0341187015986776e-13
ga,GA,8,C000-R100,0.8028896532452743,0.21942441072551225,solver_status_1,
ga,GA,8,C025-R075,0.8500602507780702,0.48563392172813913,solver_status_1,
ga,GA,8,C050-R050,0.8972308483108661,0.6867683888151797,solver_status_1,
ga,GA,8,C075-R025,0.9444014458436621,0.8518878359841793,optimal,10.85983458756664
ga,GA,8,C100-R000,0.9776276420162214,0.8423473772117761,optimal,16.059914052588574
ga,GA,9,C000-R100,0.7399424146311229,0.33401449904365726,solver_status_1,
ga,GA,9,C025-R075,0.760867398116384,0.6095908757385589,solver_status_1,
ga,GA,9,C050-R050,0.75240132032642,0.7233215209218677,solver_status_1,
ga,GA,9,C075-R025,0.7069278979610635,0.7069278979610387,optimal,3.5021921642291008e-12
ga,GA,9,C100-R000,0.6666289783468392,0.6666289783468365,optimal,3.997028850603101e-13
ga,GA,10,C000-R100,0.6307760454219464,0.31163801243594424,solver_status_1,
ga,GA,10,C025-R075,0.7062235767698187,0.5708897210859929,solver_status_1,
ga,GA,10,C050-R050,0.750231470905776,0.6422137938288612,optimal,16.819582219328602
ga,GA,10,C075-R025,0.6983218929280346,0.6636915129675021,optimal,5.2178428206340834
ga,GA,10,C100-R000,0.6881430276153843,0.6619802890825117,optimal,3.952192982835403
ga,GA,11,C000-R100,0.6393703169696945,0.23810229214343126,solver_status_1,
ga,GA,11,C025-R075,0.6942512914423662,0.5007074108519733,solver_status_1,
ga,GA,11,C050-R050,0.7404271052060382,0.5947214212389684,optimal,24.499821052943524
ga,GA,11,C075-R025,0.794706937070607,0.6516029806959738,optimal,21.96183268250011
ga,GA,11,C100-R000,0.824011378378385,0.7016362812932843,optimal,17.44138670530749
ga,GA,12,C000-R100,0.4454882429214493,0.19386469339082596,solver_status_1,
ga,GA,12,C025-R075,0.497759790404656,0.38597543494946734,solver_status_1,
ga,GA,12,C050-R050,0.5779724568910393,0.5138560179409567,solver_status_1,
ga,GA,12,C075-R025,0.5940046681803745,0.5653547778254263,optimal,5.067594982596012
ga,GA,12,C100-R000,0.6449198511193105,0.6059890197313872,optimal,6.424346006331917
ga,GA,13,C000-R100,0.7619786290186318,0.31454710715507167,solver_status_1,
ga,GA,13,C025-R075,0.7813672972947888,0.6866979053098687,solver_status_1,
ga,GA,13,C050-R050,0.7955825339883239,0.7955825339883231,solver_status_1,
ga,GA,13,C075-R025,0.809797770681859,0.8097977706818785,optimal,-2.412938876943245e-12
ga,GA,13,C100-R000,0.8226122732055036,0.8226122732055033,optimal,2.699261999335142e-14
ga,GA,14,C000-R100,0.9996175710365994,0.25737697988741026,solver_status_1,
ga,GA,14,C025-R075,1.0,0.6854007837372986,solver_status_1,
ga,GA,14,C050-R050,1.0,0.9540318943474349,optimal,4.818298625540993
ga,GA,14,C075-R025,1.0,1.0,optimal,0.0
ga,GA,14,C100-R000,1.0,0.9999999999999332,optimal,6.683542608243889e-12
ga,GA,15,C000-R100,0.7428687690753201,0.247805410572474,solver_status_1,
ga,GA,15,C025-R075,0.7457204447365638,0.4246689307735989,solver_status_1,
ga,GA,15,C050-R050,0.762911197861245,0.6009417621751002,solver_status_1,
ga,GA,15,C075-R025,0.7643247922337458,0.6355218170235548,optimal,20.26727828376301
ga,GA,15,C100-R000,0.7094821928652819,0.6137233772074412,optimal,15.602927835918793
ga,GA,16,C000-R100,0.6131102779643656,0.17772303268942055,solver_status_1,
ga,GA,16,C025-R075,0.6330743763413917,0.4508636030635102,solver_status_1,
ga,GA,16,C050-R050,0.6564962247517561,0.6004577652249955,solver_status_1,
ga,GA,16,C075-R025,0.6799180731621202,0.6314973290676925,optimal,7.6676086921718785
ga,GA,16,C100-R000,0.7021177002478683,0.6391924988971268,optimal,9.844483697683202
ga,GA,17,C000-R100,0.45009415926269974,0.1776434952744232,solver_status_1,
ga,GA,17,C025-R075,0.5843571501975376,0.5310531372668817,solver_status_1,
ga,GA,17,C050-R050,0.701077291749594,0.6578114444148924,optimal,6.577241503176577
ga,GA,17,C075-R025,0.7619886821452352,0.7228084024273185,optimal,5.420562293734052
ga,GA,17,C100-R000,0.8025028697187034,0.7878053604397444,optimal,1.8656269704429387
ga,GA,18,C000-R100,0.5675817687613454,0.07117111816629433,solver_status_1,
ga,GA,18,C025-R075,0.6421428838009943,0.32338653268262224,solver_status_1,
ga,GA,18,C050-R050,0.7102954936225587,0.5245042746394087,solver_status_1,
ga,GA,18,C075-R025,0.7290471236768851,0.5610272029150679,optimal,29.948622792049022
ga,GA,18,C100-R000,0.7365948424414559,0.5698393656579822,optimal,29.263593713102722
ga,GA,19,C000-R100,0.857300492444438,0.46775970301196634,optimal,83.27797091629894
ga,GA,19,C025-R075,0.8946023683860719,0.7714635488666709,optimal,15.961715845200949
ga,GA,19,C050-R050,0.9319042443277059,0.9222210713813985,optimal,1.0499839189103455
ga,GA,19,C075-R025,0.9655387131211417,0.9655387131211421,optimal,-4.5993931037164386e-14
ga,GA,19,C100-R000,0.9982374176928616,0.9982374176928617,optimal,-1.1121833393013031e-14
ga,GA,20,C000-R100,0.5991103626890109,0.2458665801790439,optimal,143.6729555731931
ga,GA,20,C025-R075,0.6993327720167581,0.6641138758995357,optimal,5.303141132161822
ga,GA,20,C050-R050,0.7995551813445054,0.7995551813445261,optimal,-2.5827045762248425e-12
ga,GA,20,C075-R025,0.8997775906722527,0.8997775906722015,optimal,5.6882147283734255e-12
ga,GA,20,C100-R000,1.0,1.000000000000002,optimal,-1.9984014443252777e-13
ga,GA,21,C000-R100,0.6519972535577564,0.13492069790612962,solver_status_1,
ga,GA,21,C025-R075,0.688170342842815,0.4556404913434412,solver_status_1,
ga,GA,21,C050-R050,0.726019663909604,0.6604794110337413,solver_status_1,
ga,GA,21,C075-R025,0.7118190450166996,0.7076611089189219,optimal,0.5875603513282919
ga,GA,21,C100-R000,0.6877361892970703,0.6877361892970705,optimal,-3.2286305182221293e-14
ga,GA,22,C000-R100,0.5335571270255423,0.16096079744998673,solver_status_1,
ga,GA,22,C025-R075,0.6817324360078109,0.5185135360767787,solver_status_1,
ga,GA,22,C050-R050,0.8002675161096332,0.7180623626579801,optimal,11.44819137259367
ga,GA,22,C075-R025,0.8594087749504512,0.8594087749502847,optimal,1.9377676671198426e-11
ga,GA,22,C100-R000,0.9185500337912694,0.9185500337912668,optimal,2.9008057929110807e-13
ga,GA,23,C000-R100,0.6269428321994427,0.1666009567571828,solver_status_1,
ga,GA,23,C025-R075,0.7052463559622021,0.4133830344835116,solver_status_1,
ga,GA,23,C050-R050,0.7497914421038055,0.5357746488941038,solver_status_1,
ga,GA,23,C075-R025,0.7919852434519895,0.6342221921358331,optimal,24.87504430976579
ga,GA,23,C100-R000,0.8270434582883466,0.6413493287298415,optimal,28.953663976894227
ga,GA,24,C000-R100,0.7302104144207854,0.12596505633446398,solver_status_1,
ga,GA,24,C025-R075,0.7721454635520494,0.36112944094819477,solver_status_1,
ga,GA,24,C050-R050,0.7943904270384502,0.4642564668757135,optimal,71.11025558446711
ga,GA,24,C075-R025,0.791583936760411,0.5477246273689907,optimal,44.52224661921899
ga,GA,24,C100-R000,0.7887774464823719,0.5504732355619886,optimal,43.29078972878565
ga,GA,25,C000-R100,0.6381352963473985,0.22657704951008945,solver_status_1,
ga,GA,25,C025-R075,0.7332241846251185,0.6034878338468875,solver_status_1,
ga,GA,25,C050-R050,0.8283130729028385,0.8171535890442219,optimal,1.365653165847226
ga,GA,25,C075-R025,0.9234019611805584,0.9234019610006455,optimal,1.9483699405497357e-08
ga,GA,25,C100-R000,0.9998242120952575,0.9998242120952574,optimal,1.110418222717916e-14
ga,GA,26,C000-R100,0.686583006611336,0.2866457635263369,solver_status_1,
ga,GA,26,C025-R075,0.76575071336439,0.5943601343468549,solver_status_1,
ga,GA,26,C050-R050,0.8168760142920185,0.7934308954354268,solver_status_1,
ga,GA,26,C075-R025,0.8742985231340891,0.861140219869371,optimal,1.5280093718899976
ga,GA,26,C100-R000,0.9093812687899813,0.9010768916206956,optimal,0.9216058303691759
ga,GA,27,C000-R100,0.6947471443062971,0.2888984646146115,solver_status_1,
ga,GA,27,C025-R075,0.759665233348533,0.6629236352645966,solver_status_1,
ga,GA,27,C050-R050,0.8458212621044673,0.8103443465509471,optimal,4.3780049437649415
ga,GA,27,C075-R025,0.9275623198832706,0.8972747881828909,optimal,3.375502365525766
ga,GA,27,C100-R000,0.956885071395825,0.9358243111007726,optimal,2.2505036517249173
ga,GA,28,C000-R100,0.6085956486394601,0.23329855656606663,solver_status_1,
ga,GA,28,C025-R075,0.6698157387402569,0.520224019535216,solver_status_1,
ga,GA,28,C050-R050,0.6858778644038264,0.6549787375559653,optimal,4.717577087030388
ga,GA,28,C075-R025,0.7202870121907036,0.6835715212487542,optimal,5.37112647333189
ga,GA,28,C100-R000,0.6900870470089423,0.6900870470089424,optimal,-1.608815915959034e-14
ga,GA,29,C000-R100,0.6304697425819763,0.3878652776450335,solver_status_1,
ga,GA,29,C025-R075,0.701902172614155,0.5688517336203818,solver_status_1,
ga,GA,29,C050-R050,0.7501148578926898,0.6621695247514908,optimal,13.28139243107035
ga,GA,29,C075-R025,0.7983275431712252,0.7136844866012313,optimal,11.860010713289885
ga,GA,29,C100-R000,0.8311365875537987,0.7402505997417812,optimal,12.277732411661797
ga,GA,30,C000-R100,0.6300720478020342,0.22992784756222576,solver_status_1,
ga,GA,30,C025-R075,0.7315715325572474,0.5303096012221682,solver_status_1,
ga,GA,30,C050-R050,0.7621703658822909,0.7033437189339578,solver_status_1,
ga,GA,30,C075-R025,0.8224649772091119,0.8224649772091115,optimal,5.399490825214227e-14
ga,GA,30,C100-R000,0.874856123829434,0.874856123829434,optimal,0.0
ga,GA,31,C000-R100,0.7592623540004116,0.2361341879180553,solver_status_1,
ga,GA,31,C025-R075,0.8175253284644519,0.5566014717787396,solver_status_1,
ga,GA,31,C050-R050,0.8462385779281708,0.7842115938410602,solver_status_1,
ga,GA,31,C075-R025,0.8387831513007254,0.8387831513007254,optimal,0.0
ga,GA,31,C100-R000,0.8327600041966736,0.8327600041966736,optimal,0.0
ga,GA,32,C000-R100,0.6684996810947063,0.24748827768155934,solver_status_1,
ga,GA,32,C025-R075,0.7660315625726274,0.634703873190233,solver_status_1,
ga,GA,32,C050-R050,0.8409039426922051,0.8001176617487484,optimal,5.097535386772195
ga,GA,32,C075-R025,0.86512119899588,0.8548004980144052,optimal,1.2073812550938565
ga,GA,32,C100-R000,0.8985221676961811,0.8985221676961811,optimal,0.0
ga,GA,33,C000-R100,0.7061549049881127,0.1507317581930279,solver_status_1,
ga,GA,33,C025-R075,0.7771650945625826,0.5362777722669397,solver_status_1,
ga,GA,33,C050-R050,0.828271034948485,0.7703134010377735,solver_status_1,
ga,GA,33,C075-R025,0.8476475452278708,0.7806909574262791,optimal,8.576580420801706
ga,GA,33,C100-R000,0.7875007379826001,0.7875007379826001,optimal,0.0
ga,GA,34,C000-R100,0.640052232447588,0.2903287857691146,solver_status_1,
ga,GA,34,C025-R075,0.6671860378868827,0.5108526922606733,solver_status_1,
ga,GA,34,C050-R050,0.6801807961525355,0.6513186400104858,optimal,4.4313419529318265
ga,GA,34,C075-R025,0.6823723898601367,0.655416886390702,optimal,4.112726423311324
ga,GA,34,C100-R000,0.6845639835677382,0.6374778009676826,optimal,7.386325065528464
ga,GA,35,C000-R100,0.7543893209321081,0.12666003828830438,solver_status_1,
ga,GA,35,C025-R075,0.7942228710473168,0.4810671784921001,solver_status_1,
ga,GA,35,C050-R050,0.820574217844769,0.7530042311579838,solver_status_1,
ga,GA,35,C075-R025,0.8309870196908218,0.8078027607891589,optimal,2.8700395724091976
ga,GA,35,C100-R000,0.8413998215368745,0.8088385402061159,optimal,4.025683707215666
ga,GA,36,C000-R100,0.8087291951672401,0.1830796453157224,solver_status_1,
ga,GA,36,C025-R075,0.8505269340295137,0.5638957243929125,solver_status_1,
ga,GA,36,C050-R050,0.8784509997751323,0.7616158063253149,solver_status_1,
ga,GA,36,C075-R025,0.89363908683923,0.8936390868392265,solver_status_1,
ga,GA,36,C100-R000,0.8868776354358926,0.8868776354358193,optimal,8.262100282780555e-12
ga,GA,37,C000-R100,0.6816323744053586,0.3068765991061298,solver_status_1,
ga,GA,37,C025-R075,0.7519532692292484,0.8636600429879381,solver_status_1,
ga,GA,37,C050-R050,0.8076102718109195,0.8076102718109073,optimal,1.5121716126136801e-12
ga,GA,37,C075-R025,0.8629709498740444,0.862970949874057,optimal,-1.453759269659677e-12
ga,GA,37,C100-R000,0.9183316279371695,0.9183316279369781,optimal,2.0842410695944393e-11
ga,GA,38,C000-R100,0.9854003797976069,0.3328439221498572,solver_status_1,
ga,GA,38,C025-R075,1.0,0.7729044243275907,solver_status_1,
ga,GA,38,C050-R050,1.0,1.0042264366679963,solver_status_1,
ga,GA,38,C075-R025,1.0,0.9694594395839872,optimal,3.1502669600203537
ga,GA,38,C100-R000,1.0,0.9721264341150895,optimal,2.8672778464545474
ga,GA,39,C000-R100,0.7774120931207046,0.20220104259815594,solver_status_1,
ga,GA,39,C025-R075,0.832811015386845,0.5661161542903606,solver_status_1,
ga,GA,39,C050-R050,0.8669290783450627,0.7598929931603637,solver_status_1,
ga,GA,39,C075-R025,0.9010471413032807,0.8766193529631175,optimal,2.7865901268997977
ga,GA,39,C100-R000,0.9351652042614983,0.9017246911240552,optimal,3.7085058739777286
ga,GA,40,C000-R100,0.42729442124805117,0.1805962511271216,solver_status_1,
ga,GA,40,C025-R075,0.5461599139954937,0.45515012851263925,solver_status_1,
ga,GA,40,C050-R050,0.6526764289948837,0.6027829744933294,optimal,8.27718376476912
ga,GA,40,C075-R025,0.7868057419015452,0.7091645401376844,optimal,10.948263395796236
ga,GA,40,C100-R000,0.8734083761978247,0.8155461057820392,optimal,7.094911005711997
ga,GA,41,C000-R100,0.6821037937628235,0.2234383251354146,solver_status_1,
ga,GA,41,C025-R075,0.7591146152184539,0.5426629640802217,solver_status_1,
ga,GA,41,C050-R050,0.7774675811211362,0.716614746457827,optimal,8.491708405960145
ga,GA,41,C075-R025,0.7652777992301347,0.7652777992301346,optimal,1.4507451094779373e-14
ga,GA,41,C100-R000,0.7530880173391331,0.7530880173392663,optimal,-1.769072935534441e-11
ga,GA,42,C000-R100,0.6395473799647888,0.1575342142702226,solver_status_1,
ga,GA,42,C025-R075,0.686671406467091,0.41868350363520845,solver_status_1,
ga,GA,42,C050-R050,0.757138149426309,0.5940143671790025,solver_status_1,
ga,GA,42,C075-R025,0.7796737794882448,0.6556717537802448,optimal,18.912211025268686
ga,GA,42,C100-R000,0.7965507700149376,0.6649596853829833,optimal,19.789332725662064
ga,GA,43,C000-R100,0.7430029146477118,0.16520539904239265,solver_status_1,
ga,GA,43,C025-R075,0.8242130208630402,0.522262385232778,solver_status_1,
ga,GA,43,C050-R050,0.8666787426523826,0.7543077488851468,optimal,14.897234442217794
ga,GA,43,C075-R025,0.8909744771219685,0.8788793020344842,optimal,1.3762043388080374
ga,GA,43,C100-R000,0.9207585844806837,0.9207585844806839,optimal,-2.4115398831743334e-14
ga,GA,44,C000-R100,0.587693698740218,0.11710232250859844,solver_status_1,
ga,GA,44,C025-R075,0.6465465126412915,0.40457369589191017,solver_status_1,
ga,GA,44,C050-R050,0.7128976630390739,0.6185836341663645,solver_status_1,
ga,GA,44,C075-R025,0.7469972281580137,0.6858522930201291,optimal,8.91517543356673
ga,GA,44,C100-R000,0.7771681107180669,0.7169750861636229,optimal,8.395413692339535
ga,GA,45,C000-R100,0.7221139060091498,0.0992482922738486,solver_status_1,
ga,GA,45,C025-R075,0.7727914942610686,0.3564066909770988,solver_status_1,
ga,GA,45,C050-R050,0.7950585098525798,0.5492791592940305,optimal,44.745799362648484
ga,GA,45,C075-R025,0.8379501475591294,0.6495803827341691,optimal,28.998684355596964
ga,GA,45,C100-R000,0.8495142778844157,0.6249076103764691,optimal,35.942379925991716
ga,GA,46,C000-R100,0.6423464406316359,0.21398696351236082,solver_status_1,
ga,GA,46,C025-R075,0.7045772700332779,0.5532370400692759,solver_status_1,
ga,GA,46,C050-R050,0.7233620316616699,0.7156739300040396,solver_status_1,
ga,GA,46,C075-R025,0.7250065694180723,0.725006569418024,optimal,6.6612777881394025e-12
ga,GA,46,C100-R000,0.7266511071744747,0.726651107174476,optimal,-1.8334350782600506e-13
ga,GA,47,C000-R100,0.7482046610886036,0.13631200566044727,solver_status_1,
ga,GA,47,C025-R075,0.8142423195629834,0.5707811924384987,solver_status_1,
ga,GA,47,C050-R050,0.8710411796690861,0.7803996344094264,optimal,11.614760087407452
ga,GA,47,C075-R025,0.9253137271342036,0.8252649176167702,optimal,12.123235506770104
ga,GA,47,C100-R000,0.977265914434072,0.8419256430971164,optimal,16.075086018177505
ga,GA,48,C000-R100,0.7956999195051523,0.4346163574295936,solver_status_1,
ga,GA,48,C025-R075,0.8459919575089175,0.7442386219690842,solver_status_1,
ga,GA,48,C050-R050,0.8962839955126828,0.87544756870654,optimal,2.380088488557725
ga,GA,48,C075-R025,0.9357165389781192,0.9357165389781253,optimal,-6.525722674632675e-13
ga,GA,48,C100-R000,0.9708333519238308,0.9708333519238298,optimal,1.0292196082701502e-13
ga,GA,49,C000-R100,0.7322916908319725,0.2077429525479217,solver_status_1,
ga,GA,49,C025-R075,0.7841349466537798,0.5676541745714285,solver_status_1,
ga,GA,49,C050-R050,0.8427419463484934,0.681857126875218,optimal,23.59509245148915
ga,GA,49,C075-R025,0.8727355584263092,0.7586760274809267,optimal,15.034023326676163
ga,GA,49,C100-R000,0.866415061069478,0.780633525083888,optimal,10.988707662327442
heuristic,Heuristic,0,C000-R100,1.0,0.4478660206239858,solver_status_1,
heuristic,Heuristic,0,C025-R075,1.0,0.8409941226443387,solver_status_1,
heuristic,Heuristic,0,C050-R050,1.0,0.9092155494790213,optimal,9.984920580493595
heuristic,Heuristic,0,C075-R025,1.0,0.9435762511890918,optimal,5.979776275611339
heuristic,Heuristic,0,C100-R000,1.0,0.9779369528991625,optimal,2.2560807253913517
heuristic,Heuristic,1,C000-R100,1.0,0.1636745394573036,solver_status_1,
heuristic,Heuristic,1,C025-R075,1.0,0.3929297075518292,solver_status_1,
heuristic,Heuristic,1,C050-R050,1.0,0.5061366373994585,optimal,97.57510642541561
heuristic,Heuristic,1,C075-R025,1.0,0.6053816082740378,optimal,65.18506448371167
heuristic,Heuristic,1,C100-R000,1.0,0.6621958048114768,optimal,51.012735618990234
heuristic,Heuristic,2,C000-R100,1.0,0.22883990995757691,solver_status_1,
heuristic,Heuristic,2,C025-R075,1.0,0.5806954197316272,solver_status_1,
heuristic,Heuristic,2,C050-R050,1.0,0.7919165104733533,solver_status_1,
heuristic,Heuristic,2,C075-R025,1.0,0.8031800591973226,optimal,24.50508308179042
heuristic,Heuristic,2,C100-R000,1.0,0.7997003784376648,optimal,25.04683340948902
heuristic,Heuristic,3,C000-R100,1.0,0.4785564761112981,solver_status_1,
heuristic,Heuristic,3,C025-R075,1.0,0.755170314489033,solver_status_1,
heuristic,Heuristic,3,C050-R050,1.0,0.8567900430938901,solver_status_1,
heuristic,Heuristic,3,C075-R025,1.0,0.8221229769807029,optimal,21.636303570125406
heuristic,Heuristic,3,C100-R000,1.0,0.7746360171973533,optimal,29.092887214051515
heuristic,Heuristic,4,C000-R100,1.0,0.26893447190889724,solver_status_1,
heuristic,Heuristic,4,C025-R075,1.0,0.6154679405224412,solver_status_1,
heuristic,Heuristic,4,C050-R050,1.0,0.7854933074933312,optimal,27.308532161935688
heuristic,Heuristic,4,C075-R025,1.0,0.8406764091142084,optimal,18.95183320936356
heuristic,Heuristic,4,C100-R000,1.0,0.8790770750200808,optimal,13.755668122406325
heuristic,Heuristic,5,C000-R100,1.0,0.12478032384457328,solver_status_1,
heuristic,Heuristic,5,C025-R075,1.0,0.5019014382341055,solver_status_1,
heuristic,Heuristic,5,C050-R050,1.0,0.693535019818866,optimal,44.188825570938725
heuristic,Heuristic,5,C075-R025,1.0,0.8386878067899609,optimal,19.233878435344625
heuristic,Heuristic,5,C100-R000,1.0,0.8633501713932467,optimal,15.827856776379884
heuristic,Heuristic,6,C000-R100,1.0,0.1247627450631328,solver_status_1,
heuristic,Heuristic,6,C025-R075,1.0,0.48518542909078033,solver_status_1,
heuristic,Heuristic,6,C050-R050,1.0,0.6569876456931518,solver_status_1,
heuristic,Heuristic,6,C075-R025,1.0,0.6976570081228661,optimal,43.33691030935469
heuristic,Heuristic,6,C100-R000,1.0,0.7349799890201427,optimal,36.05812606315656
heuristic,Heuristic,7,C000-R100,1.0,0.33219112864247474,solver_status_1,
heuristic,Heuristic,7,C025-R075,1.0,0.6288948045822522,solver_status_1,
heuristic,Heuristic,7,C050-R050,1.0,0.8275137018259521,solver_status_1,
heuristic,Heuristic,7,C075-R025,1.0,0.8906859306723127,optimal,12.273020776826934
heuristic,Heuristic,7,C100-R000,1.0,0.8588747291070759,optimal,16.43141497941664
heuristic,Heuristic,8,C000-R100,1.0,0.21942441072551225,solver_status_1,
heuristic,Heuristic,8,C025-R075,1.0,0.48563392172813913,solver_status_1,
heuristic,Heuristic,8,C050-R050,1.0,0.6867683888151797,solver_status_1,
heuristic,Heuristic,8,C075-R025,1.0,0.8518878359841793,optimal,17.386345685369236
heuristic,Heuristic,8,C100-R000,1.0,0.8423473772117761,optimal,18.715867948691688
heuristic,Heuristic,9,C000-R100,1.0,0.33401449904365726,solver_status_1,
heuristic,Heuristic,9,C025-R075,1.0,0.6095908757385589,solver_status_1,
heuristic,Heuristic,9,C050-R050,1.0,0.7233215209218677,solver_status_1,
heuristic,Heuristic,9,C075-R025,1.0,0.7069278979610387,optimal,41.45714193544438
heuristic,Heuristic,9,C100-R000,1.0,0.6666289783468365,optimal,50.008480351377074
heuristic,Heuristic,10,C000-R100,1.0,0.31163801243594424,solver_status_1,
heuristic,Heuristic,10,C025-R075,1.0,0.5708897210859929,solver_status_1,
heuristic,Heuristic,10,C050-R050,1.0,0.6422137938288612,optimal,55.71138608500249
heuristic,Heuristic,10,C075-R025,1.0,0.6636915129675021,optimal,50.672410368605306
heuristic,Heuristic,10,C100-R000,1.0,0.6619802890825117,optimal,51.06189965051304
heuristic,Heuristic,11,C000-R100,1.0,0.23810229214343126,solver_status_1,
heuristic,Heuristic,11,C025-R075,1.0,0.5007074108519733,solver_status_1,
heuristic,Heuristic,11,C050-R050,1.0,0.5947214212389684,optimal,68.14595275830568
heuristic,Heuristic,11,C075-R025,1.0,0.6516029806959738,optimal,53.467683486024754
heuristic,Heuristic,11,C100-R000,1.0,0.7016362812932843,optimal,42.52398666681827
heuristic,Heuristic,12,C000-R100,1.0,0.19386469339082596,solver_status_1,
heuristic,Heuristic,12,C025-R075,1.0,0.38597543494946734,solver_status_1,
heuristic,Heuristic,12,C050-R050,1.0,0.5138560179409567,solver_status_1,
heuristic,Heuristic,12,C075-R025,1.0,0.5653547778254263,optimal,76.88008295364332
heuristic,Heuristic,12,C100-R000,1.0,0.6059890197313872,optimal,65.0194916804373
heuristic,Heuristic,13,C000-R100,1.0,0.31454710715507167,solver_status_1,
heuristic,Heuristic,13,C025-R075,1.0,0.6866979053098687,solver_status_1,
heuristic,Heuristic,13,C050-R050,1.0,0.7955825339883231,solver_status_1,
heuristic,Heuristic,13,C075-R025,1.0,0.8097977706818785,optimal,23.487620762152066
heuristic,Heuristic,13,C100-R000,1.0,0.8226122732055033,optimal,21.56395334381086
heuristic,Heuristic,14,C000-R100,1.0,0.25737697988741026,solver_status_1,
heuristic,Heuristic,14,C025-R075,1.0,0.6854007837372986,solver_status_1,
heuristic,Heuristic,14,C050-R050,1.0,0.9540318943474349,optimal,4.818298625540993
heuristic,Heuristic,14,C075-R025,1.0,1.0,optimal,0.0
heuristic,Heuristic,14,C100-R000,1.0,0.9999999999999332,optimal,6.683542608243889e-12
heuristic,Heuristic,15,C000-R100,1.0,0.247805410572474,solver_status_1,
heuristic,Heuristic,15,C025-R075,1.0,0.4246689307735989,solver_status_1,
heuristic,Heuristic,15,C050-R050,1.0,0.6009417621751002,solver_status_1,
heuristic,Heuristic,15,C075-R025,1.0,0.6355218170235548,optimal,57.35101033721652
heuristic,Heuristic,15,C100-R000,1.0,0.6137233772074412,optimal,62.93985810841871
heuristic,Heuristic,16,C000-R100,1.0,0.17772303268942055,solver_status_1,
heuristic,Heuristic,16,C025-R075,1.0,0.4508636030635102,solver_status_1,
heuristic,Heuristic,16,C050-R050,1.0,0.6004577652249955,solver_status_1,
heuristic,Heuristic,16,C075-R025,1.0,0.6314973290676925,optimal,58.3537972324197
heuristic,Heuristic,16,C100-R000,1.0,0.6391924988971268,optimal,56.44739287857983
heuristic,Heuristic,17,C000-R100,1.0,0.1776434952744232,solver_status_1,
heuristic,Heuristic,17,C025-R075,1.0,0.5310531372668817,solver_status_1,
heuristic,Heuristic,17,C050-R050,1.0,0.6578114444148924,optimal,52.01924631905367
heuristic,Heuristic,17,C075-R025,1.0,0.7228084024273185,optimal,38.34924948877505
heuristic,Heuristic,17,C100-R000,1.0,0.7878053604397444,optimal,26.934906794974196
heuristic,Heuristic,18,C000-R100,1.0,0.07117111816629433,solver_status_1,
heuristic,Heuristic,18,C025-R075,1.0,0.32338653268262224,solver_status_1,
heuristic,Heuristic,18,C050-R050,1.0,0.5245042746394087,solver_status_1,
heuristic,Heuristic,18,C075-R025,1.0,0.5610272029150679,optimal,78.24447634696722
heuristic,Heuristic,18,C100-R000,1.0,0.5698393656579822,optimal,75.48805159245534
heuristic,Heuristic,19,C000-R100,1.0,0.46775970301196634,optimal,113.7849826654302
heuristic,Heuristic,19,C025-R075,1.0,0.7714635488666709,optimal,29.623752343070997
heuristic,Heuristic,19,C050-R050,1.0,0.9222210713813985,optimal,8.433870254351932
heuristic,Heuristic,19,C075-R025,1.0,0.9655387131211421,optimal,3.5691253401389136
heuristic,Heuristic,19,C100-R000,1.0,0.9982374176928617,optimal,0.17656944890044582
heuristic,Heuristic,20,C000-R100,1.0,0.2458665801790439,optimal,306.72465500263775
heuristic,Heuristic,20,C025-R075,1.0,0.6641138758995357,optimal,50.57658577687596
heuristic,Heuristic,20,C050-R050,1.0,0.7995551813445261,optimal,25.069541581658868
heuristic,Heuristic,20,C075-R025,1.0,0.8997775906722015,optimal,11.138575839938932
heuristic,Heuristic,20,C100-R000,1.0,1.000000000000002,optimal,-1.9984014443252777e-13
heuristic,Heuristic,21,C000-R100,1.0,0.13492069790612962,solver_status_1,
heuristic,Heuristic,21,C025-R075,1.0,0.4556404913434412,solver_status_1,
heuristic,Heuristic,21,C050-R050,1.0,0.6604794110337413,solver_status_1,
heuristic,Heuristic,21,C075-R025,1.0,0.7076611089189219,optimal,41.31057753444693
heuristic,Heuristic,21,C100-R000,1.0,0.6877361892970705,optimal,45.40459198782193
heuristic,Heuristic,22,C000-R100,1.0,0.16096079744998673,solver_status_1,
heuristic,Heuristic,22,C025-R075,1.0,0.5185135360767787,solver_status_1,
heuristic,Heuristic,22,C050-R050,1.0,0.7180623626579801,optimal,39.263670121686836
heuristic,Heuristic,22,C075-R025,1.0,0.8594087749502847,optimal,16.359063247620238
heuristic,Heuristic,22,C100-R000,1.0,0.9185500337912668,optimal,8.867232400237667
heuristic,Heuristic,23,C000-R100,1.0,0.1666009567571828,solver_status_1,
heuristic,Heuristic,23,C025-R075,1.0,0.4133830344835116,solver_status_1,
heuristic,Heuristic,23,C050-R050,1.0,0.5357746488941038,solver_status_1,
heuristic,Heuristic,23,C075-R025,1.0,0.6342221921358331,optimal,57.67344826461501
heuristic,Heuristic,23,C100-R000,1.0,0.6413493287298415,optimal,55.9212671166971
heuristic,Heuristic,24,C000-R100,1.0,0.12596505633446398,solver_status_1,
heuristic,Heuristic,24,C025-R075,1.0,0.36112944094819477,solver_status_1,
heuristic,Heuristic,24,C050-R050,1.0,0.4642564668757135,optimal,115.39818426863422
heuristic,Heuristic,24,C075-R025,1.0,0.5477246273689907,optimal,82.57349588305452
heuristic,Heuristic,24,C100-R000,1.0,0.5504732355619886,optimal,81.66187480106657
heuristic,Heuristic,25,C000-R100,1.0,0.22657704951008945,solver_status_1,
heuristic,Heuristic,25,C025-R075,1.0,0.6034878338468875,solver_status_1,
heuristic,Heuristic,25,C050-R050,1.0,0.8171535890442219,optimal,22.376015158869116
heuristic,Heuristic,25,C075-R025,1.0,0.9234019610006455,optimal,8.295199949147706
heuristic,Heuristic,25,C100-R000,1.0,0.9998242120952574,optimal,0.0175818811563096
heuristic,Heuristic,26,C000-R100,1.0,0.2866457635263369,solver_status_1,
heuristic,Heuristic,26,C025-R075,1.0,0.5943601343468549,solver_status_1,
heuristic,Heuristic,26,C050-R050,1.0,0.7934308954354268,solver_status_1,
heuristic,Heuristic,26,C075-R025,1.0,0.861140219869371,optimal,16.125106797554192
heuristic,Heuristic,26,C100-R000,1.0,0.9010768916206956,optimal,10.978320418513812
heuristic,Heuristic,27,C000-R100,1.0,0.2888984646146115,solver_status_1,
heuristic,Heuristic,27,C025-R075,1.0,0.6629236352645966,solver_status_1,
heuristic,Heuristic,27,C050-R050,1.0,0.8103443465509471,optimal,23.404328574177207
heuristic,Heuristic,27,C075-R025,1.0,0.8972747881828909,optimal,11.448578871266662
heuristic,Heuristic,27,C100-R000,1.0,0.9358243111007726,optimal,6.8576642151709155
heuristic,Heuristic,28,C000-R100,1.0,0.23329855656606663,solver_status_1,
heuristic,Heuristic,28,C025-R075,1.0,0.520224019535216,solver_status_1,
heuristic,Heuristic,28,C050-R050,1.0,0.6549787375559653,optimal,52.67671187792629
heuristic,Heuristic,28,C075-R025,1.0,0.6835715212487542,optimal,46.290471284291016
heuristic,Heuristic,28,C100-R000,1.0,0.6900870470089424,optimal,44.909255192416566
heuristic,Heuristic,29,C000-R100,1.0,0.3878652776450335,solver_status_1,
heuristic,Heuristic,29,C025-R075,1.0,0.5688517336203818,solver_status_1,
heuristic,Heuristic,29,C050-R050,1.0,0.6621695247514908,optimal,51.01872898413672
heuristic,Heuristic,29,C075-R025,1.0,0.7136844866012313,optimal,40.11793989838349
heuristic,Heuristic,29,C100-R000,1.0,0.7402505997417812,optimal,35.08938734380306
heuristic,Heuristic,30,C000-R100,1.0,0.22992784756222576,solver_status_1,
heuristic,Heuristic,30,C025-R075,1.0,0.5303096012221682,solver_status_1,
heuristic,Heuristic,30,C050-R050,1.0,0.7033437189339578,solver_status_1,
heuristic,Heuristic,30,C075-R025,1.0,0.8224649772091115,optimal,21.585724342126035
heuristic,Heuristic,30,C100-R000,1.0,0.874856123829434,optimal,14.304509365812546
heuristic,Heuristic,31,C000-R100,1.0,0.2361341879180553,solver_status_1,
heuristic,Heuristic,31,C025-R075,1.0,0.5566014717787396,solver_status_1,
heuristic,Heuristic,31,C050-R050,1.0,0.7842115938410602,solver_status_1,
heuristic,Heuristic,31,C075-R025,1.0,0.8387831513007254,optimal,19.220325116124577
heuristic,Heuristic,31,C100-R000,1.0,0.8327600041966736,optimal,20.082616235232784
heuristic,Heuristic,32,C000-R100,1.0,0.24748827768155934,solver_status_1,
heuristic,Heuristic,32,C025-R075,1.0,0.634703873190233,solver_status_1,
heuristic,Heuristic,32,C050-R050,1.0,0.8001176617487484,optimal,24.981618055322752
heuristic,Heuristic,32,C075-R025,1.0,0.8548004980144052,optimal,16.98636141683061
heuristic,Heuristic,32,C100-R000,1.0,0.8985221676961811,optimal,11.293859623297774
heuristic,Heuristic,33,C000-R100,1.0,0.1507317581930279,solver_status_1,
heuristic,Heuristic,33,C025-R075,1.0,0.5362777722669397,solver_status_1,
heuristic,Heuristic,33,C050-R050,1.0,0.7703134010377735,solver_status_1,
heuristic,Heuristic,33,C075-R025,1.0,0.7806909574262791,optimal,28.091659124209883
heuristic,Heuristic,33,C100-R000,1.0,0.7875007379826001,optimal,26.984007984776653
heuristic,Heuristic,34,C000-R100,1.0,0.2903287857691146,solver_status_1,
heuristic,Heuristic,34,C025-R075,1.0,0.5108526922606733,solver_status_1,
heuristic,Heuristic,34,C050-R050,1.0,0.6513186400104858,optimal,53.53468157826723
heuristic,Heuristic,34,C075-R025,1.0,0.655416886390702,optimal,52.574646879617916
heuristic,Heuristic,34,C100-R000,1.0,0.6374778009676826,optimal,56.86820756456361
heuristic,Heuristic,35,C000-R100,1.0,0.12666003828830438,solver_status_1,
heuristic,Heuristic,35,C025-R075,1.0,0.4810671784921001,solver_status_1,
heuristic,Heuristic,35,C050-R050,1.0,0.7530042311579838,solver_status_1,
heuristic,Heuristic,35,C075-R025,1.0,0.8078027607891589,optimal,23.792594992257726
heuristic,Heuristic,35,C100-R000,1.0,0.8088385402061159,optimal,23.63406913636565
heuristic,Heuristic,36,C000-R100,1.0,0.1830796453157224,solver_status_1,
heuristic,Heuristic,36,C025-R075,1.0,0.5638957243929125,solver_status_1,
heuristic,Heuristic,36,C050-R050,1.0,0.7616158063253149,solver_status_1,
heuristic,Heuristic,36,C075-R025,1.0,0.8936390868392265,solver_status_1,
heuristic,Heuristic,36,C100-R000,1.0,0.8868776354358193,optimal,12.755126529782359
heuristic,Heuristic,37,C000-R100,1.0,0.3068765991061298,solver_status_1,
heuristic,Heuristic,37,C025-R075,1.0,0.8636600429879381,solver_status_1,
heuristic,Heuristic,37,C050-R050,1.0,0.8076102718109073,optimal,23.82210020158567
heuristic,Heuristic,37,C075-R025,1.0,0.862970949874057,optimal,15.878755842933206
heuristic,Heuristic,37,C100-R000,1.0,0.9183316279369781,optimal,8.893124180693745
heuristic,Heuristic,38,C000-R100,1.0,0.3328439221498572,solver_status_1,
heuristic,Heuristic,38,C025-R075,1.0,0.7729044243275907,solver_status_1,
heuristic,Heuristic,38,C050-R050,1.0,1.0042264366679963,solver_status_1,
heuristic,Heuristic,38,C075-R025,1.0,0.9694594395839872,optimal,3.1502669600203537
heuristic,Heuristic,38,C100-R000,1.0,0.9721264341150895,optimal,2.8672778464545474
heuristic,Heuristic,39,C000-R100,1.0,0.20220104259815594,solver_status_1,
heuristic,Heuristic,39,C025-R075,1.0,0.5661161542903606,solver_status_1,
heuristic,Heuristic,39,C050-R050,1.0,0.7598929931603637,solver_status_1,
heuristic,Heuristic,39,C075-R025,1.0,0.8766193529631175,optimal,14.074597671136917
heuristic,Heuristic,39,C100-R000,1.0,0.9017246911240552,optimal,10.89859353340304
heuristic,Heuristic,40,C000-R100,1.0,0.1805962511271216,solver_status_1,
heuristic,Heuristic,40,C025-R075,1.0,0.45515012851263925,solver_status_1,
heuristic,Heuristic,40,C050-R050,1.0,0.6027829744933294,optimal,65.89718726554152
heuristic,Heuristic,40,C075-R025,1.0,0.7091645401376844,optimal,41.010998633102815
heuristic,Heuristic,40,C100-R000,1.0,0.8155461057820392,optimal,22.617224570165188
heuristic,Heuristic,41,C000-R100,1.0,0.2234383251354146,solver_status_1,
heuristic,Heuristic,41,C025-R075,1.0,0.5426629640802217,solver_status_1,
heuristic,Heuristic,41,C050-R050,1.0,0.716614746457827,optimal,39.54499330957465
heuristic,Heuristic,41,C075-R025,1.0,0.7652777992301346,optimal,30.671502689088154
heuristic,Heuristic,41,C100-R000,1.0,0.7530880173392663,optimal,32.78660355440229
heuristic,Heuristic,42,C000-R100,1.0,0.1575342142702226,solver_status_1,
heuristic,Heuristic,42,C025-R075,1.0,0.41868350363520845,solver_status_1,
heuristic,Heuristic,42,C050-R050,1.0,0.5940143671790025,solver_status_1,
heuristic,Heuristic,42,C075-R025,1.0,0.6556717537802448,optimal,52.51533930423978
heuristic,Heuristic,42,C100-R000,1.0,0.6649596853829833,optimal,50.38505671573913
heuristic,Heuristic,43,C000-R100,1.0,0.16520539904239265,solver_status_1,
heuristic,Heuristic,43,C025-R075,1.0,0.522262385232778,solver_status_1,
heuristic,Heuristic,43,C050-R050,1.0,0.7543077488851468,optimal,32.571884814650495
heuristic,Heuristic,43,C075-R025,1.0,0.8788793020344842,optimal,13.781266402011989
heuristic,Heuristic,43,C100-R000,1.0,0.9207585844806839,optimal,8.606101192530172
heuristic,Heuristic,44,C000-R100,1.0,0.11710232250859844,solver_status_1,
heuristic,Heuristic,44,C025-R075,1.0,0.40457369589191017,solver_status_1,
heuristic,Heuristic,44,C050-R050,1.0,0.6185836341663645,solver_status_1,
heuristic,Heuristic,44,C075-R025,1.0,0.6858522930201291,optimal,45.803988727154554
heuristic,Heuristic,44,C100-R000,1.0,0.7169750861636229,optimal,39.47486032614906
heuristic,Heuristic,45,C000-R100,1.0,0.0992482922738486,solver_status_1,
heuristic,Heuristic,45,C025-R075,1.0,0.3564066909770988,solver_status_1,
heuristic,Heuristic,45,C050-R050,1.0,0.5492791592940305,optimal,82.0567889896397
heuristic,Heuristic,45,C075-R025,1.0,0.6495803827341691,optimal,53.94553569965718
heuristic,Heuristic,45,C100-R000,1.0,0.6249076103764691,optimal,60.02365524042192
heuristic,Heuristic,46,C000-R100,1.0,0.21398696351236082,solver_status_1,
heuristic,Heuristic,46,C025-R075,1.0,0.5532370400692759,solver_status_1,
heuristic,Heuristic,46,C050-R050,1.0,0.7156739300040396,solver_status_1,
heuristic,Heuristic,46,C075-R025,1.0,0.725006569418024,optimal,37.929784664257355
heuristic,Heuristic,46,C100-R000,1.0,0.726651107174476,optimal,37.617625587666005
heuristic,Heuristic,47,C000-R100,1.0,0.13631200566044727,solver_status_1,
heuristic,Heuristic,47,C025-R075,1.0,0.5707811924384987,solver_status_1,
heuristic,Heuristic,47,C050-R050,1.0,0.7803996344094264,optimal,28.139475713204032
heuristic,Heuristic,47,C075-R025,1.0,0.8252649176167702,optimal,21.173211008149483
heuristic,Heuristic,47,C100-R000,1.0,0.8419256430971164,optimal,18.775334638981857
heuristic,Heuristic,48,C000-R100,1.0,0.4346163574295936,solver_status_1,
heuristic,Heuristic,48,C025-R075,1.0,0.7442386219690842,solver_status_1,
heuristic,Heuristic,48,C050-R050,1.0,0.87544756870654,optimal,14.22728621857781
heuristic,Heuristic,48,C075-R025,1.0,0.9357165389781253,optimal,6.869971657450573
heuristic,Heuristic,48,C100-R000,1.0,0.9708333519238298,optimal,3.0042898730634637
heuristic,Heuristic,49,C000-R100,1.0,0.2077429525479217,solver_status_1,
heuristic,Heuristic,49,C025-R075,1.0,0.5676541745714285,solver_status_1,
heuristic,Heuristic,49,C050-R050,1.0,0.681857126875218,optimal,46.65828963066673
heuristic,Heuristic,49,C075-R025,1.0,0.7586760274809267,optimal,31.808567000641162
heuristic,Heuristic,49,C100-R000,1.0,0.780633525083888,optimal,28.10108301363801
ppo,Train-S,0,C000-R100,0.44786602062398817,0.4478660206239858,solver_status_1,
ppo,Train-S,0,C025-R075,0.8748548477689564,0.8409941226443387,solver_status_1,
ppo,Train-S,0,C050-R050,0.909215549479024,0.9092155494790213,optimal,3.052694779750831e-13
ppo,Train-S,0,C075-R025,0.9435762511890915,0.9435762511890918,optimal,-3.529835632974199e-14
ppo,Train-S,0,C100-R000,0.9779369528991592,0.9779369528991625,optimal,-3.4058116568777446e-13
ppo,Train-S,1,C000-R100,0.1520290935622962,0.1636745394573036,solver_status_1,
ppo,Train-S,1,C025-R075,0.4039076307532743,0.3929297075518292,solver_status_1,
ppo,Train-S,1,C050-R050,0.5582348189435673,0.5061366373994585,optimal,10.293303763147927
ppo,Train-S,1,C075-R025,0.6349905396862568,0.6053816082740378,optimal,4.890953244621207
ppo,Train-S,1,C100-R000,0.6621958048114773,0.6621958048114768,optimal,8.382890804791722e-14
ppo,Train-S,2,C000-R100,0.22174902031731794,0.22883990995757691,solver_status_1,
ppo,Train-S,2,C025-R075,0.5784673244255787,0.5806954197316272,solver_status_1,
ppo,Train-S,2,C050-R050,0.7967960532711924,0.7919165104733533,solver_status_1,
ppo,Train-S,2,C075-R025,0.8031800591973374,0.8031800591973226,optimal,1.8384378519396145e-12
ppo,Train-S,2,C100-R000,0.7997003784376648,0.7997003784376648,optimal,0.0
ppo,Train-S,3,C000-R100,0.41490606215254106,0.4785564761112981,solver_status_1,
ppo,Train-S,3,C025-R075,0.6879142289974393,0.755170314489033,solver_status_1,
ppo,Train-S,3,C050-R050,0.8348749344668338,0.8567900430938901,solver_status_1,
ppo,Train-S,3,C075-R025,0.8221229769806846,0.8221229769807029,optimal,-2.228216510088498e-12
ppo,Train-S,3,C100-R000,0.8051635273045821,0.7746360171973533,optimal,3.9408844191983006
ppo,Train-S,4,C000-R100,0.23406285374559496,0.26893447190889724,solver_status_1,
ppo,Train-S,4,C025-R075,0.6440854097473208,0.6154679405224412,solver_status_1,
ppo,Train-S,4,C050-R050,0.7854933074932225,0.7854933074933312,optimal,-1.3837270550102758e-11
ppo,Train-S,4,C075-R025,0.840676409114199,0.8406764091142084,optimal,-1.1093297380234168e-12
ppo,Train-S,4,C100-R000,0.8790770750200808,0.8790770750200808,optimal,0.0
ppo,Train-S,5,C000-R100,0.12829693862485508,0.12478032384457328,solver_status_1,
ppo,Train-S,5,C025-R075,0.531096184552362,0.5019014382341055,solver_status_1,
ppo,Train-S,5,C050-R050,0.7742125827575196,0.693535019818866,optimal,11.63280305004995
ppo,Train-S,5,C075-R025,0.8386878067899609,0.8386878067899609,optimal,0.0
ppo,Train-S,5,C100-R000,0.8633501713932511,0.8633501713932467,optimal,5.143790139444876e-13
ppo,Train-S,6,C000-R100,0.13602088336361523,0.1247627450631328,solver_status_1,
ppo,Train-S,6,C025-R075,0.48977663543259387,0.48518542909078033,solver_status_1,
ppo,Train-S,6,C050-R050,0.6520016088921694,0.6569876456931518,solver_status_1,
ppo,Train-S,6,C075-R025,0.697657008122866,0.6976570081228661,optimal,-1.5913593810407655e-14
ppo,Train-S,6,C100-R000,0.7349799890201418,0.7349799890201427,optimal,-1.208438913941348e-13
ppo,Train-S,7,C000-R100,0.28339149057276053,0.33219112864247474,solver_status_1,
ppo,Train-S,7,C025-R075,0.621785631776382,0.6288948045822522,solver_status_1,
ppo,Train-S,7,C050-R050,0.8529757726669205,0.8275137018259521,solver_status_1,
ppo,Train-S,7,C075-R025,0.8943129701719954,0.8906859306723127,optimal,0.40721868110624576
ppo,Train-S,7,C100-R000,0.8588747291070767,0.8588747291070759,optimal,1.0341187015986776e-13
ppo,Train-S,8,C000-R100,0.23504007659248471,0.21942441072551225,solver_status_1,
ppo,Train-S,8,C025-R075,0.580473003086509,0.48563392172813913,solver_status_1,
ppo,Train-S,8,C050-R050,0.8526651339451162,0.6867683888151797,solver_status_1,
ppo,Train-S,8,C075-R025,0.8526155818504196,0.8518878359841793,optimal,0.08542742782558928
ppo,Train-S,8,C100-R000,0.8423473772117892,0.8423473772117761,optimal,1.5552528618229667e-12
ppo,Train-S,9,C000-R100,0.2995074523430137,0.33401449904365726,solver_status_1,
ppo,Train-S,9,C025-R075,0.5914029510101956,0.6095908757385589,solver_status_1,
ppo,Train-S,9,C050-R050,0.7323088802404767,0.7233215209218677,solver_status_1,
ppo,Train-S,9,C075-R025,0.7069278979610635,0.7069278979610387,optimal,3.5021921642291008e-12
ppo,Train-S,9,C100-R000,0.6666289783468392,0.6666289783468365,optimal,3.997028850603101e-13
ppo,Train-S,10,C000-R100,0.29713392218529605,0.31163801243594424,solver_status_1,
ppo,Train-S,10,C025-R075,0.5624841196199628,0.5708897210859929,solver_status_1,
ppo,Train-S,10,C050-R050,0.6422137938288615,0.6422137938288612,optimal,3.4574873205573395e-14
ppo,Train-S,10,C075-R025,0.6636915129675267,0.6636915129675021,optimal,3.713615537507306e-12
ppo,Train-S,10,C100-R000,0.661980289082523,0.6619802890825117,optimal,1.7106664711832677e-12
ppo,Train-S,11,C000-R100,0.3227440436198544,0.23810229214343126,solver_status_1,
ppo,Train-S,11,C025-R075,0.5722020142431483,0.5007074108519733,solver_status_1,
ppo,Train-S,11,C050-R050,0.5947214212389484,0.5947214212389684,optimal,-3.3602311484964865e-12
ppo,Train-S,11,C075-R025,0.6516029806959739,0.6516029806959738,optimal,1.703833557420706e-14
ppo,Train-S,11,C100-R000,0.7016362812932958,0.7016362812932843,optimal,1.645627480212253e-12
ppo,Train-S,12,C000-R100,0.17784489154693192,0.19386469339082596,solver_status_1,
ppo,Train-S,12,C025-R075,0.40472681518796777,0.38597543494946734,solver_status_1,
ppo,Train-S,12,C050-R050,0.5138560179409656,0.5138560179409567,solver_status_1,
ppo,Train-S,12,C075-R025,0.5653547778254308,0.5653547778254263,optimal,7.8550536277097e-13
ppo,Train-S,12,C100-R000,0.6059890197313916,0.6059890197313872,optimal,7.328337567022438e-13
ppo,Train-S,13,C000-R100,0.32376704116597765,0.31454710715507167,solver_status_1,
ppo,Train-S,13,C025-R075,0.6795520050351537,0.6866979053098687,solver_status_1,
ppo,Train-S,13,C050-R050,0.7955825339883239,0.7955825339883231,solver_status_1,
ppo,Train-S,13,C075-R025,0.8284558021867602,0.8097977706818785,optimal,2.304035918643111
ppo,Train-S,13,C100-R000,0.8226122732055036,0.8226122732055033,optimal,2.699261999335142e-14
ppo,Train-S,14,C000-R100,0.2573769798879217,0.25737697988741026,solver_status_1,
ppo,Train-S,14,C025-R075,0.7091969243853425,0.6854007837372986,solver_status_1,
ppo,Train-S,14,C050-R050,0.954031894347426,0.9540318943474349,optimal,-9.30973508288888e-13
ppo,Train-S,14,C075-R025,1.0,1.0,optimal,0.0
ppo,Train-S,14,C100-R000,1.0,0.9999999999999332,optimal,6.683542608243889e-12
ppo,Train-S,15,C000-R100,0.18179358982111415,0.247805410572474,solver_status_1,
ppo,Train-S,15,C025-R075,0.47188580222848114,0.4246689307735989,solver_status_1,
ppo,Train-S,15,C050-R050,0.6149610406070596,0.6009417621751002,solver_status_1,
ppo,Train-S,15,C075-R025,0.6355218170235143,0.6355218170235548,optimal,-6.3763570837909206e-12
ppo,Train-S,15,C100-R000,0.6137233772074461,0.6137233772074412,optimal,7.959581612449387e-13
ppo,Train-S,16,C000-R100,0.17772303268942768,0.17772303268942055,solver_status_1,
ppo,Train-S,16,C025-R075,0.49395331649572755,0.4508636030635102,solver_status_1,
ppo,Train-S,16,C050-R050,0.6225799379136423,0.6004577652249955,solver_status_1,
ppo,Train-S,16,C075-R025,0.6314973290676927,0.6314973290676925,optimal,3.5161606344851144e-14
ppo,Train-S,16,C100-R000,0.6391924988971268,0.6391924988971268,optimal,0.0
ppo,Train-S,17,C000-R100,0.16677684629590908,0.1776434952744232,solver_status_1,
ppo,Train-S,17,C025-R075,0.546817760144234,0.5310531372668817,solver_status_1,
ppo,Train-S,17,C050-R050,0.6578114444148926,0.6578114444148924,optimal,3.375505348991529e-14
ppo,Train-S,17,C075-R025,0.7228084024273184,0.7228084024273185,optimal,-1.5359852222204824e-14
ppo,Train-S,17,C100-R000,0.7878053604397444,0.7878053604397444,optimal,0.0
ppo,Train-S,18,C000-R100,0.09175149693325994,0.07117111816629433,solver_status_1,
ppo,Train-S,18,C025-R075,0.549860735866185,0.32338653268262224,solver_status_1,
ppo,Train-S,18,C050-R050,0.6850986567470546,0.5245042746394087,solver_status_1,
ppo,Train-S,18,C075-R025,0.5610272029151449,0.5610272029150679,optimal,1.3713854730529139e-11
ppo,Train-S,18,C100-R000,0.569839365658194,0.5698393656579822,optimal,3.7173731031004385e-11
ppo,Train-S,19,C000-R100,0.46775970301196884,0.46775970301196634,optimal,5.340352726670638e-13
ppo,Train-S,19,C025-R075,0.802695518871604,0.7714635488666709,optimal,4.048405145105663
ppo,Train-S,19,C050-R050,0.928676520012265,0.9222210713813985,optimal,0.6999892792730059
ppo,Train-S,19,C075-R025,0.9655387131211418,0.9655387131211421,optimal,-3.449544827787329e-14
ppo,Train-S,19,C100-R000,0.9982374176928616,0.9982374176928617,optimal,-1.1121833393013031e-14
ppo,Train-S,20,C000-R100,0.25148204586946016,0.2458665801790439,optimal,2.283948345613705
ppo,Train-S,20,C025-R075,0.6703565232525287,0.6641138758995357,optimal,0.9399965246227318
ppo,Train-S,20,C050-R050,0.7995551813445054,0.7995551813445261,optimal,-2.5827045762248425e-12
ppo,Train-S,20,C075-R025,0.8997775906722527,0.8997775906722015,optimal,5.6882147283734255e-12
ppo,Train-S,20,C100-R000,1.0,1.000000000000002,optimal,-1.9984014443252777e-13
ppo,Train-S,21,C000-R100,0.13591220454006744,0.13492069790612962,solver_status_1,
ppo,Train-S,21,C025-R075,0.4420512541968374,0.4556404913434412,solver_status_1,
ppo,Train-S,21,C050-R050,0.660792411385742,0.6604794110337413,solver_status_1,
ppo,Train-S,21,C075-R025,0.7118190450166996,0.7076611089189219,optimal,0.5875603513282919
ppo,Train-S,21,C100-R000,0.6877361892970703,0.6877361892970705,optimal,-3.2286305182221293e-14
ppo,Train-S,22,C000-R100,0.17349965236442724,0.16096079744998673,solver_status_1,
ppo,Train-S,22,C025-R075,0.5488277590575664,0.5185135360767787,solver_status_1,
ppo,Train-S,22,C050-R050,0.7689685632441718,0.7180623626579801,optimal,7.089384325583832
ppo,Train-S,22,C075-R025,0.8594087749504512,0.8594087749502847,optimal,1.9377676671198426e-11
ppo,Train-S,22,C100-R000,0.9185500337912694,0.9185500337912668,optimal,2.9008057929110807e-13
ppo,Train-S,23,C000-R100,0.16109934020896094,0.1666009567571828,solver_status_1,
ppo,Train-S,23,C025-R075,0.39955223480132923,0.4133830344835116,solver_status_1,
ppo,Train-S,23,C050-R050,0.5996015489167394,0.5357746488941038,solver_status_1,
ppo,Train-S,23,C075-R025,0.6355700461876047,0.6342221921358331,optimal,0.2125207961002649
ppo,Train-S,23,C100-R000,0.6413493287298453,0.6413493287298415,optimal,5.885650946577338e-13
ppo,Train-S,24,C000-R100,0.13951789863424233,0.12596505633446398,solver_status_1,
ppo,Train-S,24,C025-R075,0.37071616925209766,0.36112944094819477,solver_status_1,
ppo,Train-S,24,C050-R050,0.5443802201671125,0.4642564668757135,optimal,17.258510975755357
ppo,Train-S,24,C075-R025,0.5477246273689934,0.5477246273689907,optimal,4.86473517157616e-13
ppo,Train-S,24,C100-R000,0.5504732355619886,0.5504732355619886,optimal,0.0
ppo,Train-S,25,C000-R100,0.3047731573207037,0.22657704951008945,solver_status_1,
ppo,Train-S,25,C025-R075,0.6791133397770684,0.6034878338468875,solver_status_1,
ppo,Train-S,25,C050-R050,0.8283130729028385,0.8171535890442219,optimal,1.365653165847226
ppo,Train-S,25,C075-R025,0.9234019611805584,0.9234019610006455,optimal,1.9483699405497357e-08
ppo,Train-S,25,C100-R000,0.9998242120952575,0.9998242120952574,optimal,1.110418222717916e-14
ppo,Train-S,26,C000-R100,0.24457037999959452,0.2866457635263369,solver_status_1,
ppo,Train-S,26,C025-R075,0.6141748007385518,0.5943601343468549,solver_status_1,
ppo,Train-S,26,C050-R050,0.8168760142920185,0.7934308954354268,solver_status_1,
ppo,Train-S,26,C075-R025,0.8657142834362217,0.861140219869371,optimal,0.531163620199345
ppo,Train-S,26,C100-R000,0.9010768916207029,0.9010768916206956,optimal,8.131905313148905e-13
ppo,Train-S,27,C000-R100,0.29901897732877614,0.2888984646146115,solver_status_1,
ppo,Train-S,27,C025-R075,0.7192754894481518,0.6629236352645966,solver_status_1,
ppo,Train-S,27,C050-R050,0.8458212621044673,0.8103443465509471,optimal,4.3780049437649415
ppo,Train-S,27,C075-R025,0.9253548343947052,0.8972747881828909,optimal,3.129481244946206
ppo,Train-S,27,C100-R000,0.9429445087611242,0.9358243111007726,optimal,0.760847690735503
ppo,Train-S,28,C000-R100,0.2112850368039182,0.23329855656606663,solver_status_1,
ppo,Train-S,28,C025-R075,0.5223450590655709,0.520224019535216,solver_status_1,
ppo,Train-S,28,C050-R050,0.6643342377354755,0.6549787375559653,optimal,1.428367005380975
ppo,Train-S,28,C075-R025,0.6835715212487549,0.6835715212487542,optimal,9.74490297018511e-14
ppo,Train-S,28,C100-R000,0.6900870470089423,0.6900870470089424,optimal,-1.608815915959034e-14
ppo,Train-S,29,C000-R100,0.32412172284627455,0.3878652776450335,solver_status_1,
ppo,Train-S,29,C025-R075,0.5766605990164124,0.5688517336203818,solver_status_1,
ppo,Train-S,29,C050-R050,0.6621695247515141,0.6621695247514908,optimal,3.520953871424116e-12
ppo,Train-S,29,C075-R025,0.7136844866012314,0.7136844866012313,optimal,1.555621630382292e-14
ppo,Train-S,29,C100-R000,0.7402505997416019,0.7402505997417812,optimal,-2.422166473617281e-11
ppo,Train-S,30,C000-R100,0.22391675474781192,0.22992784756222576,solver_status_1,
ppo,Train-S,30,C025-R075,0.6042651407425901,0.5303096012221682,solver_status_1,
ppo,Train-S,30,C050-R050,0.7647402965998285,0.7033437189339578,solver_status_1,
ppo,Train-S,30,C075-R025,0.8224649772091119,0.8224649772091115,optimal,5.399490825214227e-14
ppo,Train-S,30,C100-R000,0.874856123829434,0.874856123829434,optimal,0.0
ppo,Train-S,31,C000-R100,0.23773377882521993,0.2361341879180553,solver_status_1,
ppo,Train-S,31,C025-R075,0.5956631023075752,0.5566014717787396,solver_status_1,
ppo,Train-S,31,C050-R050,0.830163430111233,0.7842115938410602,solver_status_1,
ppo,Train-S,31,C075-R025,0.8387831513007254,0.8387831513007254,optimal,0.0
ppo,Train-S,31,C100-R000,0.8327600041966736,0.8327600041966736,optimal,0.0
ppo,Train-S,32,C000-R100,0.2859131596600728,0.24748827768155934,solver_status_1,
ppo,Train-S,32,C025-R075,0.6512174277808291,0.634703873190233,solver_status_1,
ppo,Train-S,32,C050-R050,0.8001176617487396,0.8001176617487484,optimal,-1.110059760159412e-12
ppo,Train-S,32,C075-R025,0.8548004980144044,0.8548004980144052,optimal,-9.091666640845977e-14
ppo,Train-S,32,C100-R000,0.8985221676961811,0.8985221676961811,optimal,0.0
ppo,Train-S,33,C000-R100,0.15167313349927375,0.1507317581930279,solver_status_1,
ppo,Train-S,33,C025-R075,0.534070911504095,0.5362777722669397,solver_status_1,
ppo,Train-S,33,C050-R050,0.766091286993467,0.7703134010377735,solver_status_1,
ppo,Train-S,33,C075-R025,0.7806909574262776,0.7806909574262791,optimal,-1.9909443291098876e-13
ppo,Train-S,33,C100-R000,0.7875007379826001,0.7875007379826001,optimal,0.0
ppo,Train-S,34,C000-R100,0.21845496551776278,0.2903287857691146,solver_status_1,
ppo,Train-S,34,C025-R075,0.5627445898514261,0.5108526922606733,solver_status_1,
ppo,Train-S,34,C050-R050,0.6652934870148464,0.6513186400104858,optimal,2.1456236849195034
ppo,Train-S,34,C075-R025,0.6554168863906988,0.655416886390702,optimal,-4.742972806314528e-13
ppo,Train-S,34,C100-R000,0.6374778009676826,0.6374778009676826,optimal,0.0
ppo,Train-S,35,C000-R100,0.1257277842527232,0.12666003828830438,solver_status_1,
ppo,Train-S,35,C025-R075,0.5188715233719342,0.4810671784921001,solver_status_1,
ppo,Train-S,35,C050-R050,0.7861014916506067,0.7530042311579838,solver_status_1,
ppo,Train-S,35,C075-R025,0.8232589333902677,0.8078027607891589,optimal,1.9133597149394876
ppo,Train-S,35,C100-R000,0.8250747364339907,0.8088385402061159,optimal,2.0073470069486667
ppo,Train-S,36,C000-R100,0.14950564920986084,0.1830796453157224,solver_status_1,
ppo,Train-S,36,C025-R075,0.5336869632157881,0.5638957243929125,solver_status_1,
ppo,Train-S,36,C050-R050,0.8599248116925424,0.7616158063253149,solver_status_1,
ppo,Train-S,36,C075-R025,0.89363908683923,0.8936390868392265,solver_status_1,
ppo,Train-S,36,C100-R000,0.8868776354358926,0.8868776354358193,optimal,8.262100282780555e-12
ppo,Train-S,37,C000-R100,0.31709179212365685,0.3068765991061298,solver_status_1,
ppo,Train-S,37,C025-R075,0.7214685454001463,0.8636600429879381,solver_status_1,
ppo,Train-S,37,C050-R050,0.8076102718109195,0.8076102718109073,optimal,1.5121716126136801e-12
ppo,Train-S,37,C075-R025,0.8629709498740444,0.862970949874057,optimal,-1.453759269659677e-12
ppo,Train-S,37,C100-R000,0.9183316279371695,0.9183316279369781,optimal,2.0842410695944393e-11
ppo,Train-S,38,C000-R100,0.30584372216851285,0.3328439221498572,solver_status_1,
ppo,Train-S,38,C025-R075,0.7994467752887146,0.7729044243275907,solver_status_1,
ppo,Train-S,38,C050-R050,0.9667924450529192,1.0042264366679963,solver_status_1,
ppo,Train-S,38,C075-R025,0.9694594395840044,0.9694594395839872,optimal,1.7750569213163153e-12
ppo,Train-S,38,C100-R000,0.9907088113716965,0.9721264341150895,optimal,1.9115185643030355
ppo,Train-S,39,C000-R100,0.20155998745045364,0.20220104259815594,solver_status_1,
ppo,Train-S,39,C025-R075,0.5813038501367395,0.5661161542903606,solver_status_1,
ppo,Train-S,39,C050-R050,0.8337550192624232,0.7598929931603637,solver_status_1,
ppo,Train-S,39,C075-R025,0.9010471413032807,0.8766193529631175,optimal,2.7865901268997977
ppo,Train-S,39,C100-R000,0.9128715288365283,0.9017246911240552,optimal,1.2361686246583687
ppo,Train-S,40,C000-R100,0.23008625324891116,0.1805962511271216,solver_status_1,
ppo,Train-S,40,C025-R075,0.4936555239091451,0.45515012851263925,solver_status_1,
ppo,Train-S,40,C050-R050,0.6587646765622599,0.6027829744933294,optimal,9.287206911573115
ppo,Train-S,40,C075-R025,0.7091645401376844,0.7091645401376844,optimal,0.0
ppo,Train-S,40,C100-R000,0.8734083761978245,0.8155461057820392,optimal,7.094911005711971
ppo,Train-S,41,C000-R100,0.20485891902061285,0.2234383251354146,solver_status_1,
ppo,Train-S,41,C025-R075,0.5568184726033183,0.5426629640802217,solver_status_1,
ppo,Train-S,41,C050-R050,0.7166147464578329,0.716614746457827,optimal,8.21108142080302e-13
ppo,Train-S,41,C075-R025,0.7652777992301347,0.7652777992301346,optimal,1.4507451094779373e-14
ppo,Train-S,41,C100-R000,0.7530880173391331,0.7530880173392663,optimal,-1.769072935534441e-11
ppo,Train-S,42,C000-R100,0.1270497722056381,0.1575342142702226,solver_status_1,
ppo,Train-S,42,C025-R075,0.43620445070211034,0.41868350363520845,solver_status_1,
ppo,Train-S,42,C050-R050,0.6362230843573935,0.5940143671790025,solver_status_1,
ppo,Train-S,42,C075-R025,0.7383397709189129,0.6556717537802448,optimal,12.608140683512678
ppo,Train-S,42,C100-R000,0.7965507700149376,0.6649596853829833,optimal,19.789332725662064
ppo,Train-S,43,C000-R100,0.1595234220066386,0.16520539904239265,solver_status_1,
ppo,Train-S,43,C025-R075,0.571837609177212,0.522262385232778,solver_status_1,
ppo,Train-S,43,C050-R050,0.7568644988473401,0.7543077488851468,optimal,0.33895316148774407
ppo,Train-S,43,C075-R025,0.8909744771219686,0.8788793020344842,optimal,1.37620433880805
ppo,Train-S,43,C100-R000,0.9207585844806839,0.9207585844806839,optimal,0.0
ppo,Train-S,44,C000-R100,0.12826658411389483,0.11710232250859844,solver_status_1,
ppo,Train-S,44,C025-R075,0.4559656106453724,0.40457369589191017,solver_status_1,
ppo,Train-S,44,C050-R050,0.6138314603386671,0.6185836341663645,solver_status_1,
ppo,Train-S,44,C075-R025,0.685852293020174,0.6858522930201291,optimal,6.555935287366487e-12
ppo,Train-S,44,C100-R000,0.7169750861636275,0.7169750861636229,optimal,6.348776252909207e-13
ppo,Train-S,45,C000-R100,0.12440023317320521,0.0992482922738486,solver_status_1,
ppo,Train-S,45,C025-R075,0.4556676649927116,0.3564066909770988,solver_status_1,
ppo,Train-S,45,C050-R050,0.6971250534474832,0.5492791592940305,optimal,26.91634875487975
ppo,Train-S,45,C075-R025,0.6536635931531315,0.6495803827341691,optimal,0.628592015321592
ppo,Train-S,45,C100-R000,0.6249076103764694,0.6249076103764691,optimal,3.55323893065189e-14
ppo,Train-S,46,C000-R100,0.2161460540821237,0.21398696351236082,solver_status_1,
ppo,Train-S,46,C025-R075,0.5798235157996691,0.5532370400692759,solver_status_1,
ppo,Train-S,46,C050-R050,0.7156739300040398,0.7156739300040396,solver_status_1,
ppo,Train-S,46,C075-R025,0.7250065694180723,0.725006569418024,optimal,6.6612777881394025e-12
ppo,Train-S,46,C100-R000,0.7266511071744747,0.726651107174476,optimal,-1.8334350782600506e-13
ppo,Train-S,47,C000-R100,0.1406863521145417,0.13631200566044727,solver_status_1,
ppo,Train-S,47,C025-R075,0.5636004425049851,0.5707811924384987,solver_status_1,
ppo,Train-S,47,C050-R050,0.7951572619945814,0.7803996344094264,optimal,1.8910346615324758
ppo,Train-S,47,C075-R025,0.8252649176167712,0.8252649176167702,optimal,1.2107635994610904e-13
ppo,Train-S,47,C100-R000,0.843393748552206,0.8419256430971164,optimal,0.17437471671357896
ppo,Train-S,48,C000-R100,0.4346163574296404,0.4346163574295936,solver_status_1,
ppo,Train-S,48,C025-R075,0.7592475275886051,0.7442386219690842,solver_status_1,
ppo,Train-S,48,C050-R050,0.8754475687065403,0.87544756870654,optimal,3.8045328960093876e-14
ppo,Train-S,48,C075-R025,0.9357165389781192,0.9357165389781253,optimal,-6.525722674632675e-13
ppo,Train-S,48,C100-R000,0.9708333519238308,0.9708333519238298,optimal,1.0292196082701502e-13
ppo,Train-S,49,C000-R100,0.2462460063146432,0.2077429525479217,solver_status_1,
ppo,Train-S,49,C025-R075,0.6506728663188803,0.5676541745714285,solver_status_1,
ppo,Train-S,49,C050-R050,0.7561573770231792,0.681857126875218,optimal,10.896747605830676
ppo,Train-S,49,C075-R025,0.870496516812091,0.7586760274809267,optimal,14.738898460051248
ppo,Train-S,49,C100-R000,0.866415061069478,0.780633525083888,optimal,10.988707662327442
